Account Number,Balance,Name,Phone,Address
ACC1000,1006.0,Hannah Mays,439-687-0197x7781,"USCGC Rose, FPO AP 73958"
ACC1001,3210.0,Heather Nelson,2568494758,"880 Paul Circles, Rhondafort, DE 51873"
ACC1002,25674.0,Stephanie Franklin,+1-663-312-7858x33100,"018 Vanessa Mountains Apt. 929, East Austin, MP 26776"
ACC1003,8827.0,Richard Sharp,(499)762-3522x5263,"04777 Jessica Divide Suite 446, Richardland, SD 84671"
ACC1004,5151.0,Donna Lopez,001-546-884-8403x86193,"7945 Martin Trace Suite 969, East Charlesbury, NE 75887"
ACC1005,3223.0,Megan Myers,294-406-2895x817,"972 Henry Stravenue Apt. 926, Hardinville, WV 99402"
ACC1006,8566.0,Christopher Perez,+1-704-657-3924x4549,"49760 Ryan Stream Apt. 147, Woodsmouth, MD 56972"
ACC1007,4232.0,Susan Turner,001-366-995-0539x825,"PSC 2362, Box 5144, APO AE 33482"
ACC1008,5301.0,Damon Barrera,(218)231-0419,"0976 Christian Isle Suite 692, Sandramouth, NY 70374"
ACC1009,4821.0,Stephanie Levine,001-553-442-2146x3605,"PSC 4455, Box 4079, APO AP 96871"
ACC1010,687.1199999999999,Dustin Saunders,001-328-567-4370x0213,"14618 Davis Land Suite 161, South Robinside, CO 09750"
ACC1011,2054.0,Jeffrey Woods,+1-932-816-5169,"961 Hall Lock Apt. 040, Glasstown, VT 54889"
ACC1012,5476.879999999999,Linda Davis,7476128319,"6361 Wilson Islands, Kathleenmouth, FM 73243"
ACC1013,3031.0,Victor Reyes,(302)450-1182,"334 Brandy Turnpike, West Davidmouth, OR 83711"
ACC1014,3469.0,Timothy Adams,663.953.1534x31631,"04705 Carroll Streets Suite 313, North Alexandershire, VT 30144"
ACC1015,2305.0,Joseph Meyer,+1-619-385-8178x6618,"PSC 8520, Box 8453, APO AE 75449"
ACC1016,6785.0,Caleb Figueroa,307.854.4999x1799,"73028 James Wall, Barnesbury, WY 60422"
ACC1017,4670.0,Jim Palmer,001-560-343-7199x160,"12613 Johnson Springs, South Amanda, AZ 46990"
ACC1018,7224.0,Jonathan Thornton,001-442-579-2936x058,"0706 Victoria Squares Apt. 791, Lake Kristinville, IN 47505"
ACC1019,8685.0,Dorothy Wilson,+1-543-658-2300x94019,"9648 Ayala Island Suite 444, Norriston, CA 42937"
ACC1020,3914.0,Sharon Thomas,(428)734-5959,"48770 Christopher Circle Apt. 172, New Robertborough, VT 91112"
ACC1021,1195.0,Christine White,+1-640-779-7704x01956,"Unit 2416 Box 0064, DPO AA 36917"
ACC1022,8673.0,Carla Hartman,+1-896-974-3408x65972,"PSC 4254, Box 2103, APO AE 33253"
ACC1023,5763.0,Lacey Howell,+1-469-419-5855x4655,"127 Ortega Lakes, Warrenbury, TX 63319"
ACC1024,7493.0,Jared Simmons,(290)328-0963x8100,"049 Mario Mission Apt. 766, North Jay, PA 52153"
ACC1025,6215.0,Alyssa Thornton,948-308-8642x5157,"54434 Roberta Centers Suite 746, West Christineport, LA 97129"
ACC1026,5603.0,Earl Ray,(386)341-4536x20230,"054 Brandy Stream, East David, NV 60625"
ACC1027,3340.0,Michael Wilson,001-489-240-2346x7999,"07509 Jennifer Overpass Suite 644, West Brandon, IA 13895"
ACC1028,7201.0,Katie Thomas,(961)964-5703,"82914 Kathryn Vista, West Adam, IL 38966"
ACC1029,2597.0,Dr. Kevin Casey,001-898-775-5189x8652,"95839 Wendy Course, Murrayburgh, IA 52859"
ACC1030,1714.0,Jennifer Brown,001-393-698-2887x3360,"USS Alvarado, FPO AE 69067"
ACC1031,7626.0,Karen Edwards,537.238.6317,"2021 Schmitt Plains Suite 489, Robertborough, LA 30611"
ACC1032,3448.0,John Black,(902)381-5426x02887,"602 Nguyen Locks Suite 093, Port Timothy, VI 89714"
ACC1033,1533.0,Douglas Wilson,+1-507-231-7595x415,"698 Mitchell Burg Apt. 883, West Nicholasfort, OK 35897"
ACC1034,7450.0,Steven Bruce,001-341-687-3974,"7384 Pamela Divide, Port Nathan, GA 54059"
ACC1035,7944.0,William Diaz,001-974-229-1774,"026 Parsons Run, Millertown, NJ 01840"
ACC1036,8342.0,Cody Gardner,927.779.7721x08830,"85335 Castaneda Way, Port Victoriaborough, CO 16169"
ACC1037,9544.0,Roberta Baldwin,(950)207-9455,"USS Matthews, FPO AP 53187"
ACC1038,4797.0,Douglas Jenkins,205-939-6535x20922,"PSC 4111, Box 8996, APO AE 75746"
ACC1039,6370.0,Mr. Jonathan Gordon,+1-828-850-1113x7795,"PSC 9220, Box 4286, APO AA 20480"
ACC1040,3427.0,Jason Whitney,643.750.2997,"27611 Guzman Islands Suite 586, Hollandtown, AZ 03039"
ACC1041,6809.0,Matthew Robinson,(640)487-5877x772,"2047 Fox Camp Apt. 894, Hoffmanton, SD 21152"
ACC1042,6919.0,Lance Mendez,950-626-6686,"09240 Sweeney Groves, Barneschester, HI 23303"
ACC1043,8426.0,Kaitlin Good,726.988.6343,"98200 Howell Trail Suite 123, New Nicholas, HI 78326"
ACC1044,3200.0,Tyler Nolan,373.733.6548x4164,"6209 Kimberly Hollow, New Richard, NH 85982"
ACC1045,3933.0,Alan Smith,884-790-4513,"05068 Shelley Rest, West Tiffany, VT 58052"
ACC1046,9740.0,Angela Vincent,(631)525-7062,"7814 James Coves, West Lisaborough, NC 35794"
ACC1047,3982.0,Mathew Bennett,(360)327-2755x11974,"Unit 5582 Box 5887, DPO AE 88265"
ACC1048,9862.0,Edward Bryant,+1-773-286-4018,"354 Amber Court, Port Amandaburgh, VI 51291"
ACC1049,7741.0,Stephen Jackson,894-417-4635x029,"925 Pham Cape Apt. 232, East Judithmouth, WA 72067"
ACC1050,8742.0,Mr. Evan Robinson DDS,(595)616-6531x1579,"43233 Roy Drives Suite 677, South Sarahtown, NM 34785"
ACC1051,9258.0,Patrick Gonzalez,(734)903-4543x66672,"7512 Stewart Union Apt. 697, Kimberlyton, AK 13613"
ACC1052,9032.0,Corey Franklin,001-996-521-2561x3692,"3050 Jacqueline Knoll, New Patrickchester, WY 62777"
ACC1053,3243.0,Brittany Brady,(830)572-5362x620,"3412 Andrew Inlet, New Paul, TX 50990"
ACC1054,6604.0,John Fox,396-252-1868,"6302 Williams Pass Suite 337, Wendyville, NV 18271"
ACC1055,8806.0,Mrs. Suzanne Rodriguez,9024149482,"569 Rivers Cliffs Apt. 770, Lake Deborah, MH 96120"
ACC1056,4629.0,Christopher Richardson,725.479.0979,"52966 Brett Pines, East Jamesberg, IL 36028"
ACC1057,7161.0,Luke Davis,+1-840-569-2182,"28412 Peter Ways Suite 822, Parkerside, TX 56135"
ACC1058,8051.0,Robin Gonzalez,001-393-621-1608x0612,"47034 Brown Fork Suite 705, Greenmouth, FL 23772"
ACC1059,2117.0,Samantha Martinez,867.340.6637x2345,"5473 Hanson Drives Apt. 940, Strongland, NE 90037"
ACC1060,3192.0,Matthew Campbell,+1-598-284-2799,"74847 Jennifer Neck, Pattonstad, MH 98629"
ACC1061,7151.0,Mary Gardner,883-910-8414x673,"3042 David Roads, Markmouth, VI 61006"
ACC1062,9996.0,Rachael Garcia,845-289-5804x1933,"2985 Philip Spring, West Nicole, NJ 41742"
ACC1063,6198.0,Sandra Weber,(653)819-1205x21381,"1218 Elizabeth Union Suite 211, East Katherineville, DE 36405"
ACC1064,2700.0,Amy Johnson,001-478-645-1650,"65920 Reynolds Rue, Lauraland, TX 25195"
ACC1065,8389.0,Spencer Wilson,353-809-6843x34677,"6110 Pearson Locks, East Thomasland, UT 12427"
ACC1066,8354.0,Jessica Anthony,280.771.5850x2130,"48249 Douglas Land, Combshaven, GU 41055"
ACC1067,6029.0,Steven Le,(722)299-9343,"3643 Julie Green, Frankburgh, WV 50274"
ACC1068,6472.0,Savannah Espinoza,(499)672-6933,"07941 Bryan Wall, New Dylanborough, MN 74767"
ACC1069,9911.0,Michael Gomez,3742477531,"USNS Walker, FPO AA 59593"
ACC1070,6840.0,Leslie Martinez,(242)676-8950x3508,"3723 Daniel Manor, South Leonardside, NM 26500"
ACC1071,6146.0,Sharon Mendez,838.216.2512,"Unit 2326 Box 6018, DPO AE 20684"
ACC1072,3960.0,Christopher Adams,656-941-2894x09271,"60596 Alicia Spurs Apt. 049, Andrewfurt, NH 30472"
ACC1073,3318.0,Brittany Ho,357.629.5502,"144 Gary Forges Apt. 929, West Markfurt, OK 22563"
ACC1074,2410.0,Donald Marshall,678-386-4971,"291 Laura Summit, Garciachester, LA 46453"
ACC1075,5393.0,Miss Sara Shepherd,001-716-784-8951x87496,"8860 Brian Shoals Apt. 787, Lake Amanda, ND 70322"
ACC1076,3733.0,Matthew Johnson DDS,521.504.9373x093,"3744 Sweeney Junctions Suite 710, North Meredith, GA 44881"
ACC1077,7638.0,James Gray,001-985-741-2559x5432,"78694 Robertson Port, Port Joseph, FM 78842"
ACC1078,6207.0,Carol Burns,+1-831-210-4238,"055 Laura Freeway, New Adam, MH 72778"
ACC1079,6116.0,Edward Lucas,877.951.9923,"Unit 1693 Box 9020, DPO AE 82222"
ACC1080,4170.0,Keith Day,+1-799-763-8241x099,"00099 Mary Drive Suite 240, Lake Sarahfort, ME 90435"
ACC1081,1316.0,Tracy Santiago,(982)344-9293x64987,"887 Jenkins Ridges, East Donnastad, MH 33141"
ACC1082,4235.0,Christine Harris,381.438.6164,"24508 Jackson Coves Suite 286, Morenomouth, MA 71771"
ACC1083,7225.0,Heather Acosta,729-525-6507x976,"44005 Ellis Ports, New Jacob, GA 01703"
ACC1084,5200.0,Jared Hinton,001-373-598-9787x7676,"0737 Spencer Field, New Zacharyland, IL 48087"
ACC1085,3957.0,Tiffany Snyder,6068706589,"271 Williams Track, Sanfordport, NJ 53578"
ACC1086,6950.0,Steven Taylor,863-698-5370x8876,"USCGC David, FPO AA 49884"
ACC1087,2199.0,Jennifer Greene,732-878-4119,"USS Patrick, FPO AP 55575"
ACC1088,9599.0,Victor Stewart,+1-470-917-7290x227,"1086 Danielle Run Suite 271, Loganstad, MI 47334"
ACC1089,6259.0,Terry Garcia,+1-800-260-6872x32376,"91226 Jackson Alley Apt. 358, New Suzanne, PW 52790"
ACC1090,2691.0,Andrea Harmon,001-415-666-9458,"9204 Stokes Point, Colleenhaven, MH 30095"
ACC1091,3483.0,Michelle Burton,478-527-7172,"682 Delacruz Road, Reedtown, NC 70806"
ACC1092,7066.0,Tara Harrison,651.712.4123x052,"460 Jackson Drive Apt. 140, South Cassandrafurt, UT 14657"
ACC1093,3107.0,Jessica Meadows,(680)890-7757,"0442 Mitchell River, Melissachester, ID 89160"
ACC1094,6547.0,Dawn Hogan,+1-601-745-2642x1545,"14115 Montoya Ports, Stephanieside, GU 72051"
ACC1095,6150.0,William Williams,519.296.0523x03418,"79661 Brown Knoll, South Shawn, MP 61898"
ACC1096,9697.0,Alan Guerra,+1-889-312-7402x52343,"74136 Hall Square Apt. 006, Lucerofort, KY 31641"
ACC1097,8189.0,Annette Martinez,(343)421-0310x014,"2499 Wood Via, West David, NE 45487"
ACC1098,7453.0,Jeffrey Barry,3256431299,"4431 Roberts Stream, North Brittanyborough, ND 48797"
ACC1099,9081.0,Ashley Shelton,001-900-274-8406x312,"183 Howard Cove Apt. 290, North Austinborough, MS 96137"
ACC1100,3976.0,Antonio Conner,740.275.5177x9894,"3303 Wolfe Island, Sampsonview, NE 04395"
ACC1101,8193.0,Brian Barber,001-480-982-8003x287,"961 Christina Lock Apt. 584, South Michelle, NE 39941"
ACC1102,4187.0,Allen Martin,001-637-709-7707,"4231 Castro Drive, Lake Melinda, NJ 98674"
ACC1103,3328.0,Karen Walker,(815)969-5000x367,"7236 Cordova Squares Apt. 761, Fischershire, SC 79372"
ACC1104,1254.0,Holly Lopez,568.800.2135,"706 Cruz Isle Apt. 327, Michaelville, WV 03672"
ACC1105,5047.0,Edwin Johnson,807.792.4034,"9014 Brian Port Suite 411, South Crystalbury, NC 66731"
ACC1106,5906.0,Nicholas Williamson,(850)373-0539x56269,"7193 Hawkins Flat, Andersenland, CA 63970"
ACC1107,9490.0,Laura Finley,(863)480-0080,"119 Perry Islands, Duranberg, MN 81975"
ACC1108,2544.0,Mrs. Ashley Brock,502-917-4818x68215,"79520 Bond Orchard, Lake Tracy, NC 26982"
ACC1109,6904.0,Brian Bentley,001-440-727-8281,"667 Robert Inlet Suite 221, North Jamesland, MI 06290"
ACC1110,1299.0,Jon Castillo,344-403-3686x958,"PSC 1258, Box 3793, APO AA 09401"
ACC1111,5904.0,Andrew Phillips DDS,(888)970-3166,"06574 Ronald Neck, Lake Steventown, UT 83695"
ACC1112,1630.0,James Bowman,792-732-6287,"858 Sanchez Passage, North Kevinchester, VT 02228"
ACC1113,7173.0,Tim Wallace,7277172121,"749 Walton Throughway, Harrisburgh, GU 52933"
ACC1114,2958.0,Amanda Richardson,3238895357,"4502 Julie Forest Suite 838, Thomasport, IN 33449"
ACC1115,2640.0,Erik Abbott,(480)250-2505,"25805 Richard Spur Suite 481, New Toddbury, KY 12889"
ACC1116,8347.0,Susan Lindsey,001-780-321-7433x04341,"655 William Way, North Cynthia, SC 27448"
ACC1117,9952.0,Andrea Conley,+1-596-317-9313x64487,"204 Haney Knoll, Huangview, TX 98205"
ACC1118,5773.0,Jeffrey Rice,001-502-501-5451x97804,"Unit 3935 Box 0389, DPO AA 74489"
ACC1119,7088.0,Steven Bishop,629.712.6736x50274,"2014 Monique Drive Apt. 665, Lake Jasonhaven, AL 42051"
ACC1120,1427.0,Mariah Mann,8673686245,"USCGC Drake, FPO AP 17421"
ACC1121,4469.0,Sarah Lam,(943)975-4874x26348,"1748 Amy Junction Apt. 319, Riveraborough, LA 89865"
ACC1122,1919.0,Sara Edwards,+1-896-433-0750x33075,"466 James Island Apt. 067, South Kellyfort, FM 17845"
ACC1123,4842.0,David Hartman,515-288-8557x33357,"0809 Connor Ville, Petershaven, AZ 38954"
ACC1124,8621.0,Timothy Ruiz,+1-448-591-0074,"5010 Sanchez Corners, East Scottville, AL 87962"
ACC1125,9218.0,Keith Green,8242633621,"188 Teresa Corners, Leonardshire, LA 22394"
ACC1126,8340.0,Jennifer Baker,6783012892,"6917 Carroll Crest, Kevinville, MN 09876"
ACC1127,5865.0,Melissa Castro,(744)984-4828x322,"4534 Mary Camp, West Dianahaven, WA 88693"
ACC1128,4178.0,Laura Ayers,873.349.0073,"553 Brown Hills, Gilbertfort, PR 78083"
ACC1129,1220.0,Jack Duke,001-502-973-6056,"911 Dean Junction, West Raymondville, SD 81054"
ACC1130,6977.0,Sandra Valencia,+1-641-855-4274,"89125 Edward Track, Stevensonport, KY 79424"
ACC1131,4406.0,Ian Byrd,271.252.2389x8893,"9889 John Points, New Rebecca, KS 79490"
ACC1132,4895.0,Cynthia Meyer DDS,781.915.0869,"69386 Marsh Pass Suite 248, Coryberg, UT 77390"
ACC1133,4193.0,Jessica Dorsey,001-745-586-9280x9803,"PSC 1132, Box 2459, APO AA 96526"
ACC1134,9735.0,Jason Garcia,703.223.0684x38283,"7511 Jennifer Lakes Suite 522, Port Dawnberg, TN 07534"
ACC1135,2845.0,John Burton,(516)841-5920,"531 Stephanie Springs Apt. 661, Colliershire, MO 05796"
ACC1136,3198.0,Michael Wang,5118676561,"77708 Jacob Walk Apt. 053, Taylorstad, WV 22931"
ACC1137,2095.0,Holly Schmidt,001-515-309-8111x307,"2565 Sarah Knoll Apt. 514, Lanetown, MS 69663"
ACC1138,7821.0,Joanna Roach,001-493-434-2664x148,"3373 Lopez View, East Angelaview, MS 30181"
ACC1139,6576.0,Sabrina Smith,437.488.1816x5749,"7534 Megan Station, Shermanhaven, SD 84765"
ACC1140,8107.0,Jeffrey Wright,847-279-1467x71436,"03838 Gonzales Cove Apt. 459, Moonhaven, NM 14302"
ACC1141,6094.0,James Lam,3897056052,"0985 Lewis Stravenue Suite 024, Port Timothy, WY 42718"
ACC1142,1310.0,Felicia Richardson,001-478-717-9887,"878 Johnson Junctions, South Josephview, PA 27447"
ACC1143,4865.0,Steven Campbell,(344)201-6366x24816,"8610 Sarah Mall, Lake Amyfurt, WI 95528"
ACC1144,5249.0,Ashley Smith DVM,+1-566-847-9531x40453,"71658 Patricia Mountains Apt. 481, Chavezview, AK 18480"
ACC1145,6337.0,Cindy Conway,907.905.0667x684,"2110 Farrell Orchard Apt. 845, Floydshire, TN 86360"
ACC1146,5769.0,Sherry Palmer,(997)577-5502x460,"5353 Walker Ridge, Melaniebury, CO 89690"
ACC1147,7202.0,Erin Mcgrath,+1-266-589-9799x8776,"2273 John Mountain Apt. 549, Julieport, NJ 10711"
ACC1148,7208.0,Christina Mitchell,(777)710-8199x0710,"3155 Alvarez Cape Apt. 352, South Jill, PA 82073"
ACC1149,3688.0,Courtney Mckinney,001-410-220-0699x793,"Unit 5868 Box 7622, DPO AP 50023"
ACC1150,6597.0,Walter Hunter,001-857-252-6297,"PSC 9420, Box 6866, APO AE 48622"
ACC1151,6601.0,Rachel Espinoza,(362)745-1135x33132,"587 Garrett Villages Suite 656, Lake Matthew, OH 15955"
ACC1152,1990.0,Melissa Estes,(901)947-8477,"16434 Lloyd Ramp, East Louis, FL 87567"
ACC1153,3357.0,Jennifer Hartman,+1-932-266-1107,"734 Holmes Shoal Apt. 171, Wilsonshire, LA 22647"
ACC1154,6438.0,Derek Jones,+1-488-490-8257x890,"856 Cunningham Forest, Colleenfort, WI 25017"
ACC1155,7432.0,Ashley Frost,880.659.4975,"Unit 8499 Box 5606, DPO AP 72445"
ACC1156,4775.0,Steven Smith,750-746-1483x19997,"921 Brown Mountain Suite 473, Lake Joshua, MD 29968"
ACC1157,4845.0,Donna Fitzpatrick,941.912.2295,"88978 Susan Shores, North Tonya, WI 81512"
ACC1158,7078.0,Kyle Lee,448-669-1269,"62364 Tamara Bypass, New Paul, NJ 52631"
ACC1159,5103.0,Barbara Mcclain,001-505-880-4902x08997,"388 Brian Plaza Suite 408, Woodshire, AR 67413"
ACC1160,6676.0,Mia Brooks,858.300.2568x60464,"0578 James Brook Suite 071, Port Alan, MD 41317"
ACC1161,8827.0,Jeanette Peterson,655-456-8399,"2619 Kristina Canyon, North Christopher, FM 32075"
ACC1162,2625.0,Sarah Montoya,933.877.0157x573,"04236 Jeffery Grove Suite 883, Sarahtown, SC 83596"
ACC1163,9706.0,Bradley Jackson,2539606451,"USCGC Gonzalez, FPO AP 26060"
ACC1164,7115.0,Aaron Savage,001-672-524-7051x57079,"437 Mendez Well Suite 174, North Erin, PW 75170"
ACC1165,8951.0,Ashley Brown,(804)577-5138,"350 Ashley Ridges, Williamhaven, VT 08338"
ACC1166,7356.0,Randall Garcia,658.590.8285x7576,"754 Moreno Lodge, Haynesstad, GA 95413"
ACC1167,2752.0,Jennifer Duran,(879)409-7364x4165,"PSC 1699, Box 1813, APO AP 44084"
ACC1168,7707.0,Cassandra Smith,521.793.1160,"30629 Stephanie Well Apt. 991, Port Jeremy, RI 44370"
ACC1169,7009.0,Ronald Mcdaniel,001-514-949-9600x8822,"851 Strickland Lodge, East Vanessa, MD 81664"
ACC1170,7683.0,Brandon Ross,001-275-796-4021,"USCGC Jenkins, FPO AA 74542"
ACC1171,5330.0,Emily Wood,579-232-1068,"2123 Sean Ways, Lake Alexis, MI 13831"
ACC1172,8998.0,Tony Ward,9282462807,"27457 Powers Flats, Gregoryville, LA 45798"
ACC1173,9978.0,Travis Marshall,001-785-619-4794x8811,"59636 Johnson Ports Apt. 022, South Davidshire, MA 76105"
ACC1174,9455.0,Scott Hunt,826.961.9783,"3243 David Ports, Franklinmouth, WI 15003"
ACC1175,7139.0,Michael Dawson,465-973-3404x4515,"11261 Walker Forest Apt. 964, East Amanda, NH 04463"
ACC1176,1283.0,Shelby Campbell,275.445.8816,"827 Kimberly Valleys, Catherinemouth, IN 86801"
ACC1177,3966.0,Robert Ferguson,(599)626-8688,"518 David Light Suite 883, North Yolandaburgh, MH 50777"
ACC1178,3140.0,Henry Brewer,203.798.5931x08661,"2563 Lawrence Grove Suite 261, Kirkborough, GA 30152"
ACC1179,8775.0,Miss Tina Stewart,979-411-5661x3578,"02256 Thomas Extensions, Lake Madisonland, DE 37521"
ACC1180,9532.0,Aaron Howard,(686)558-0110x463,"81276 Barbara Pines, Lisamouth, MO 86875"
ACC1181,9004.0,Carol Mendez,(585)783-8046x8222,"USNS Clark, FPO AA 53277"
ACC1182,5709.0,David Sanders,292-858-1755,"97686 Espinoza Springs Apt. 367, West Hollyhaven, MN 53642"
ACC1183,7604.0,Rodney Sosa,+1-994-716-0164x50356,"5999 David Ridges Apt. 018, Mcdowellchester, FM 12104"
ACC1184,1314.0,Amy Davis,001-438-251-4444x2168,"184 Blake Plaza, Glennmouth, MT 89743"
ACC1185,7870.0,Dorothy Shepard,+1-740-739-5472x90206,"641 Myers Extension, Victoriaton, LA 13042"
ACC1186,4980.0,Sarah Farrell,270.954.0268,"USS Long, FPO AP 91068"
ACC1187,3248.0,Thomas Grimes,749-428-5998x3559,"439 Pennington Prairie, Port Marcusberg, NY 51323"
ACC1188,9501.0,Shannon Harris,219-538-4722x639,"362 Toni Isle, South Kevin, AZ 93464"
ACC1189,7742.0,Joshua Schmidt,814.383.9740,"03717 Sarah Spring, Williamsfort, NV 53930"
ACC1190,4425.0,Laura Weeks,994-498-0409x8625,"6598 Miles Fort, Lake Cameron, WV 87548"
ACC1191,5373.0,Laura Charles,(833)278-6321,"USS Ray, FPO AP 32119"
ACC1192,3983.0,Cassidy Ford,(212)851-8686,"45623 Bishop Light Suite 439, Woodhaven, MT 03466"
ACC1193,9680.0,Stephen Rowe,+1-200-830-2578,"530 Melissa Crossroad, Port Juliehaven, FL 97011"
ACC1194,2035.0,Michele Brown,001-810-312-4748x7546,"37061 Donald Heights, Port Victoria, WA 95306"
ACC1195,8054.0,Sherry Sawyer,(384)970-8166x985,"718 Lee Inlet Apt. 131, Tylerfort, VI 24675"
ACC1196,2274.0,Emily Deleon,8747344517,"456 Marvin Fords, Port Saraton, KY 78655"
ACC1197,1640.0,Timothy Gross,495-838-8464x988,"8464 Moore Cape, Port Zachary, TN 80276"
ACC1198,3361.0,Timothy Rodriguez,001-905-290-9716x407,"2505 Campbell Course, Allenfurt, DE 41119"
ACC1199,8837.0,Isabel Scott,001-944-686-5319x87579,"PSC 2352, Box 6502, APO AP 14150"
ACC1200,8276.0,Christopher Hampton,(823)701-3807,"208 Brittney Falls Suite 752, Tyronefurt, OH 62142"
ACC1201,9728.0,Veronica Li,001-696-803-0225x732,"Unit 3014 Box 8455, DPO AP 77463"
ACC1202,9088.0,Kara Stephenson,(532)468-9864,"63826 Michael Crossroad, Michaelport, AL 59066"
ACC1203,5525.0,Robin Howe,+1-692-495-1851x7726,"549 Johnson Shore Apt. 803, Christineview, WY 93075"
ACC1204,3488.0,Colleen Middleton,001-742-850-7634,"7533 Kevin Forest Apt. 968, Gibsonville, WY 15756"
ACC1205,7118.0,Amanda Davis,001-876-404-2488,"07828 Mallory Village, Port Dana, ID 39902"
ACC1206,6682.0,Phillip Strickland,454.921.9833x1962,"14191 Tara Fields Suite 279, Carriehaven, AR 68829"
ACC1207,8342.0,Brett Hernandez,524-286-6648,"2237 Austin Club Apt. 431, Lozanoville, MP 01039"
ACC1208,1813.0,Brandi Conner,(700)701-8162x359,"90526 Mark Burgs Apt. 180, South Williamside, AR 25805"
ACC1209,1473.0,Joel Paul,283.505.8053,"516 Henry Mews Apt. 925, Sharonfurt, LA 17201"
ACC1210,5737.0,Jeffrey Ramirez,380-202-1961,"09096 Fowler Mission, New Lukeburgh, AL 63319"
ACC1211,9885.0,Ronnie Barnes,518-612-4200,"109 William Stravenue Apt. 613, Lake Michaelfurt, RI 79927"
ACC1212,4097.0,Bailey Newman,703.910.3356x0339,"682 Michael Prairie Apt. 338, Port Josephville, NV 02961"
ACC1213,3235.0,Kelly Thornton,+1-585-294-1125,"7047 Jamie Village, Port Courtneyview, GU 75562"
ACC1214,8433.0,Francisco Byrd,269.279.1098x242,"079 Sarah Passage Apt. 363, Vanessaburgh, GA 85509"
ACC1215,5075.0,Sara Ruiz,(706)619-2129x60009,"150 Griffith Hill, South Austin, PA 91605"
ACC1216,9301.0,Valerie Baker,445-795-2315x02014,"PSC 4739, Box 5914, APO AP 64240"
ACC1217,8240.0,Brittany Stanton,644-932-5495x0044,"1456 Heather Ridge, Port Michelleview, WA 58500"
ACC1218,2677.0,Tina Garrett,8722082543,"USNV Mayo, FPO AA 69380"
ACC1219,5233.0,Rachel Allen,993.736.2415x49705,"128 Angela River, Sosaside, PA 92249"
ACC1220,9804.0,Brooke Rice,907.872.9746,"737 Rebecca Mall Apt. 779, West Alisonmouth, MI 43204"
ACC1221,5425.0,Michael Haynes,+1-756-831-4192x240,"97696 Donna Drive Suite 554, Dustinton, MI 66608"
ACC1222,8059.0,Kelli Cardenas,+1-625-700-1064,"6343 Ray Viaduct, Harringtonville, NJ 65804"
ACC1223,2898.0,Thomas Simmons,+1-479-499-5165x94058,"732 Mcdonald Park Apt. 805, Williamtown, DC 73747"
ACC1224,6528.0,John Carpenter,620-998-5902x9204,"95740 Courtney Courts, New Bryan, AZ 27915"
ACC1225,6228.0,Tracy Weeks,296-538-3253x480,"9491 Carr Key, East Lindsay, MO 40049"
ACC1226,8499.0,Matthew Simmons,001-439-715-5101x72984,"900 Mary Cliff Apt. 252, East Grantview, DC 59563"
ACC1227,4194.0,Kenneth Mccarthy,948-674-0669,"25884 Obrien Fork Suite 672, South Douglasfort, PR 97286"
ACC1228,9117.0,Geoffrey Woods,(974)287-3842x6352,"6659 Bailey Harbors Suite 030, North Angie, MO 77064"
ACC1229,3238.0,Joseph Adams,(815)241-2482x465,"926 Adam Village, South Frederick, ME 91313"
ACC1230,7457.0,Melissa Campbell,514.940.4816x24509,"164 Ray Dam, Charlesmouth, MO 95650"
ACC1231,7716.0,Lynn Palmer,001-523-452-0618x8836,"7525 Nicole Extension Apt. 914, Luisbury, NJ 06660"
ACC1232,3438.0,Chad Johnson,001-696-293-4787,"8775 Walker Squares, Lake Kyle, TX 16417"
ACC1233,2245.0,Ricardo Davis,357.679.5871x08836,"Unit 8079 Box 2463, DPO AE 41366"
ACC1234,3422.0,Brian Waller II,001-737-409-0895x2447,"90687 Campbell Harbors Apt. 596, Port Davidport, AK 34639"
ACC1235,7693.0,Jillian Howard,9674607624,"21629 John Trafficway Suite 001, Juliamouth, MA 73131"
ACC1236,7418.0,Joseph Lopez,+1-603-585-7008x962,"4832 Carroll Fall Apt. 842, Coffeyfort, CO 11869"
ACC1237,4381.0,Carol Nguyen,765.634.8590,"2600 Rebecca Streets, Reneeland, MH 78058"
ACC1238,9880.0,Alyssa Skinner,(269)391-9183,"86794 Cheryl Circle, East Karenton, HI 80877"
ACC1239,2357.0,Tammy Daniels,+1-559-783-7426x96211,"73502 Wells Drives, Lake Jasontown, MA 81399"
ACC1240,4564.0,Jeffrey Kirk,(836)976-5469x0050,"626 Patrick Parkway, Davisview, TN 63084"
ACC1241,6886.0,Richard Watson,412.704.9637,"1998 Mitchell Hills, Fostershire, LA 11635"
ACC1242,3085.0,Jennifer Jones,(825)414-4309,"44946 Andres Ranch Suite 017, Bakerstad, TX 42727"
ACC1243,4396.0,David Grimes,474.924.3784x3727,"627 Conley Prairie, Port Kristin, MH 15543"
ACC1244,9867.0,Alexa Bailey,(722)336-4162,"34051 Wendy Isle Apt. 859, Port Diana, NY 21779"
ACC1245,3825.0,Austin Daniels,001-835-691-7239,"USCGC Sanchez, FPO AA 33146"
ACC1246,2473.0,David Smith,257.238.8318x18998,"15520 Leslie Estates, Gonzalezland, GU 54744"
ACC1247,9067.0,Alexis Howe,001-759-966-6896,"0548 Duffy Keys Suite 886, Harrisbury, NH 67340"
ACC1248,9272.0,David Hunter,001-828-857-2832x4087,"0307 Edwards Ways Suite 883, South Joseph, DC 65288"
ACC1249,9698.0,Timothy Callahan,(459)366-8768x30746,"775 Richard Greens Apt. 527, North Brianside, SD 34023"
ACC1250,4627.0,Jessica Hudson,554-418-0608x86046,"85626 Steven Common Apt. 970, Charlesmouth, NH 20100"
ACC1251,3012.0,Andrew Stanton,+1-846-256-0504,"68955 Breanna Mountains Apt. 355, Floresmouth, OH 49648"
ACC1252,9122.0,Robert Simmons,(252)701-1147,"9408 Jeffrey Light, Dianebury, WI 57641"
ACC1253,7895.0,Jeremy Drake,597-724-3583,"6859 Michelle Loop, South Danny, KS 63147"
ACC1254,1156.0,Tracy Howard,833.869.0470,"PSC 2949, Box 0800, APO AA 09306"
ACC1255,2465.0,Joshua Meyer,5819019910,"USNV Wells, FPO AA 26023"
ACC1256,8859.0,Erik Jackson,795.628.8799x54315,"5718 Joel Passage, Cooperborough, FL 29891"
ACC1257,6896.0,Judith Fisher,001-641-829-2470,"024 Thomas Plains, Jessicaberg, MH 65491"
ACC1258,7179.0,Travis Morgan,276-820-6832x337,"793 Tonya Mills, Marshallshire, RI 31778"
ACC1259,4432.0,Kenneth Ryan,7568081237,"60947 Lee Trafficway Suite 087, Michelleborough, LA 85830"
ACC1260,2828.0,Monica Blake,626.251.3552,"5771 Thomas Squares, Russellside, PA 83121"
ACC1261,7730.0,Brandon Cook,798.837.3736,"2352 Jessica Parkways, Port Brianna, IN 68970"
ACC1262,6046.0,Phillip Stewart,001-838-513-0677x953,"19369 Chase Mill Apt. 532, Brianshire, PA 86136"
ACC1263,1767.0,Anthony Young,(294)598-8887x8646,"4962 Paula Motorway Suite 375, Laurenmouth, VI 74161"
ACC1264,5917.0,Michele Watson,389-283-4709,"8481 Ann Glen Suite 237, Ibarraside, OH 97755"
ACC1265,4034.0,Joseph Miller,(535)810-7798,"6118 Simpson Plains Apt. 352, North Abigail, NH 94913"
ACC1266,9487.0,Alyssa Butler,830.523.7447,"748 Jon Camp, Stacybury, UT 81981"
ACC1267,7620.0,Kyle Madden,770.498.9830x1356,"635 Fox Meadows, Reedside, NM 89429"
ACC1268,7055.0,Becky Soto,(392)221-5483x92217,"559 Robinson Rue, Lake Brenda, VT 91512"
ACC1269,5540.0,Tommy Walters,(969)727-7021x780,"098 Kimberly Mission Apt. 886, Reedville, UT 85188"
ACC1270,7168.0,Cory Callahan,001-364-213-4889,"839 Gilbert Causeway, New Jennifershire, IL 14904"
ACC1271,2671.0,Scott Pierce,303.336.1283x37085,"287 Jamie Valleys Suite 397, Dawnland, NJ 43645"
ACC1272,3918.0,Shawn Kelley,460-465-2855x747,"3112 Stephen Port, Reynoldstown, CO 80750"
ACC1273,9967.0,Kevin Washington,+1-885-397-3732x192,"467 Velez Forks, South Joshuaton, MO 45057"
ACC1274,5794.0,Christine Kidd,313-874-2836x15242,"3318 Shelby Mission Suite 363, New Sarah, HI 84254"
ACC1275,4722.0,Nathan Newton,(466)645-7070,"591 Kimberly Gateway, Collinbury, AK 83241"
ACC1276,9005.0,Daisy Sullivan,(714)985-7018x1561,"557 Wyatt Trail Apt. 745, Penningtonborough, GU 11516"
ACC1277,8911.0,David Cochran DDS,6689362172,"75264 Christopher Wall Apt. 353, Port Michaelchester, DC 43875"
ACC1278,9260.0,Jeffrey Rodriguez,222.276.1077,"3058 Matthew Dale Apt. 343, Johnsonfurt, MI 33955"
ACC1279,3238.0,Dr. Christine Vasquez,(831)860-3595x513,"28683 Michael Landing Apt. 651, East Kyleburgh, ID 56001"
ACC1280,5723.0,Jessica Banks,001-253-576-2712x163,"0878 Leslie Spur Apt. 241, Millerview, MO 62741"
ACC1281,2758.0,Kimberly Chavez,(286)623-5576x4658,"85166 Melinda Extensions Suite 683, South Virginia, FM 26766"
ACC1282,8453.0,Donna Dixon,(977)759-9812x662,"019 Smith Forge, New Stephanie, NC 43122"
ACC1283,5026.0,Tiffany Gibson,(811)549-7191,"1052 Jillian Ports, Christopherville, DE 54892"
ACC1284,2212.0,Julie Ross,611-784-1782x486,"707 Ryan Bridge Apt. 707, Osbornechester, ND 01012"
ACC1285,7815.0,Samantha Jones,(644)227-9739x2316,"875 Hood Streets, Nguyenborough, IL 93568"
ACC1286,5384.0,Justin Torres,426-737-8600x621,"PSC 1390, Box 2991, APO AA 59542"
ACC1287,1865.0,Pamela Nash,394-946-3343,"Unit 8614 Box 5175, DPO AP 20386"
ACC1288,4198.0,Christopher Martin,(303)278-0289,"68164 Leah Run, New Matthew, TN 75036"
ACC1289,8682.0,Cynthia Wood,517.422.8703x7650,"195 Haynes Viaduct, New Connorport, NV 47071"
ACC1290,8901.0,Kimberly Jimenez,001-707-486-1780x26171,"PSC 2483, Box 9425, APO AE 29788"
ACC1291,5305.0,Thomas Evans,966-504-8606x5323,"224 Kevin Manor, Lake Richardfurt, MP 11508"
ACC1292,6390.0,Stacey White,8264538714,"1350 Snyder Forest Apt. 660, North Robin, SC 17569"
ACC1293,7590.0,Mr. Andrew Williams Jr.,407-956-4361,"002 Wolfe Mews Suite 298, Matthewbury, IL 62573"
ACC1294,9347.0,Jose Ruiz,(884)895-5138x2932,"3845 Lee Glens Apt. 408, Jenniferberg, GU 97450"
ACC1295,6679.0,Dan Christian,512-694-0986,"17507 Gomez Gardens Apt. 933, Ortizville, TN 88001"
ACC1296,5706.0,Daniel Cox,+1-735-541-7181x404,"713 Veronica Turnpike Suite 925, West Gregoryfurt, TX 93253"
ACC1297,2002.0,Rose Lewis,(992)748-7135,"4477 Robert Flats Apt. 527, Payneberg, NM 97379"
ACC1298,4670.0,Andre Martin,212-893-3989x5567,"7649 Frank Center Apt. 482, South Edwin, NV 87946"
ACC1299,6733.0,Daniel Robinson,+1-493-433-5074x50732,"263 Mora Stream, East Michele, AK 30825"
ACC1300,5596.0,Shelly Riley,001-626-641-6347x4259,"33828 Alexander Rapid Apt. 935, North Kyle, UT 85968"
ACC1301,6081.0,Timothy Williamson,8472959077,"Unit 0232 Box 9432, DPO AA 73909"
ACC1302,6131.0,Daniel Lane,(669)851-5848x707,"Unit 6084 Box 1955, DPO AE 72467"
ACC1303,3418.0,Dakota Ford,683-974-5131x4595,"5864 French Extensions Apt. 929, Camposhaven, WV 04097"
ACC1304,6827.0,Kayla Kim,001-865-875-1921x31923,"246 Guzman Drive, New Karen, FM 70026"
ACC1305,2083.0,Zachary Campbell,(360)837-3217x6476,"42283 Ricky Brooks Apt. 245, Port Markside, AS 82961"
ACC1306,3468.0,Jennifer Khan,449-905-2855,"Unit 4666 Box 4839, DPO AE 74868"
ACC1307,9615.0,Lisa Tyler,001-944-292-5316x1170,"020 Hamilton Creek Apt. 862, Smithport, OR 70106"
ACC1308,2857.0,Lisa May,(544)736-7406,"6264 Colleen Inlet, Port Brandonstad, CT 20403"
ACC1309,9215.0,John Jackson,+1-882-964-3509x856,"277 Joshua Burgs Apt. 005, East Nancy, TN 95540"
ACC1310,1766.0,Benjamin Schneider,001-850-501-8332x679,"6847 Ryan Circles Apt. 354, West Annaland, KS 76211"
ACC1311,7153.0,Elizabeth Torres,952-428-4997x273,"5423 Snyder Harbors Apt. 602, Thomasborough, KY 63368"
ACC1312,6997.0,Linda Harris,+1-689-901-0137x73529,"885 Branch Forges Suite 456, Dennisside, SC 15180"
ACC1313,2822.0,Lindsey Knox,(336)655-0268,"PSC 9849, Box 1725, APO AP 79615"
ACC1314,1288.0,William Snyder,354.871.1388,"USCGC Young, FPO AE 55552"
ACC1315,1430.0,Jay Fletcher,411-558-9641x97011,"7894 James Prairie Suite 307, Elizabethside, GA 07400"
ACC1316,5455.0,Cody Craig,(252)398-4766,"0379 Mark Underpass Apt. 794, Jessicaton, ID 69025"
ACC1317,8111.0,Tammy Moore,(265)944-1991x6158,"3520 Ellen Walk Suite 998, Patrickborough, IN 61742"
ACC1318,9595.0,Gail Fox,(298)452-0628x790,"302 John Islands, Port Kimberly, IA 68921"
ACC1319,8941.0,Emily Ewing,(772)779-3288x987,"06240 Pruitt Hills Suite 976, Cynthiashire, PW 14795"
ACC1320,6480.0,Lindsay Baxter,(807)818-6793,"76623 Bruce Wells, Port Brianville, NJ 75815"
ACC1321,2528.0,Caitlin Gardner,760-616-0323,"81009 Yoder Curve, East Andrew, WA 97080"
ACC1322,3088.0,Zachary Knight,(863)430-5198,"5186 Zachary Gateway, New Daniel, NY 49139"
ACC1323,6853.0,Joshua Price,756-418-0943,"51519 Roberts Terrace, Watsonmouth, ME 14600"
ACC1324,2597.0,Joe Nichols,885-408-9375x837,"5832 Jefferson Forks, Port Bryanport, NE 82711"
ACC1325,4029.0,Dillon Perez,972.917.0113,"513 William Estates Apt. 915, North Robin, KS 89064"
ACC1326,1563.0,Cynthia Walters,786.900.9341,"8207 Roy Mountains Apt. 305, Port Anthony, OH 03973"
ACC1327,3475.0,Ryan Beck,262-927-6601x32294,"1351 Jones Stream Apt. 023, East Desireemouth, MH 55020"
ACC1328,7917.0,Jerry Kaiser,793-897-3310,"96120 Tyler Mission, South Angelaborough, VA 84112"
ACC1329,7245.0,Michael Clark,001-517-581-1265,"3762 Kristina Turnpike Suite 336, Wadebury, WI 55936"
ACC1330,3533.0,Chelsey Harmon,(456)609-7000,"11050 Smith Springs Apt. 959, New Michaelmouth, MN 81624"
ACC1331,4264.0,Karen Noble,(858)322-6860x2306,"0163 Doris Spurs Suite 494, Port Jenniferview, AK 18089"
ACC1332,9000.0,Jose Horn,3254781048,"4916 Nelson Turnpike, Brendastad, NY 46666"
ACC1333,2694.0,Randy Reynolds,001-500-522-6576x66363,"0753 Wagner Parkway, Port Jennifer, IL 33127"
ACC1334,4947.0,Erin Smith,929-376-3462x4277,"44579 Gaines Terrace Suite 827, Jasonstad, WI 78753"
ACC1335,3471.0,Ronald Stewart,+1-935-593-0991x6357,"89015 Tracie Lodge, New Alan, MI 28501"
ACC1336,2896.0,Nathan Fox,481-225-8789,"1659 Webb Plaza Suite 679, East Garyton, TN 97095"
ACC1337,7299.0,Jack Lee,001-759-897-8579x073,"8137 Angela Terrace, Paulshire, HI 04729"
ACC1338,3192.0,Brian Gordon,309.767.1820x0115,"99852 Monica Ports, North Robert, VA 11886"
ACC1339,2999.0,Jeremy Bright,2898671839,"47541 Vance Burg, New John, CT 20047"
ACC1340,6283.0,Amy Harrell,001-373-484-6301,"478 Kelsey Lake Apt. 388, Bishopview, OK 09781"
ACC1341,4521.0,Tara Sanders,970-264-7595x62998,"Unit 6125 Box 2029, DPO AP 74506"
ACC1342,6184.0,Michael Franklin V,(700)857-6588x300,"7609 Mckinney Plains, New Charlesside, IN 23196"
ACC1343,4556.0,Gregory Sullivan,742-768-8927x295,"88273 Mitchell Gardens Apt. 848, Ramosburgh, NM 11868"
ACC1344,9595.0,Craig Nelson,001-923-585-6935x867,"46493 Jason Turnpike Suite 405, East Adrian, AR 33740"
ACC1345,8770.0,William Morgan,+1-823-387-0374x95965,"600 Little Shores, Stevenland, KS 35359"
ACC1346,5783.0,Gregory Glover,(901)638-2581x0917,"05197 Joseph Union Apt. 193, Jonesberg, NM 18551"
ACC1347,2776.0,Andrew Bright,001-291-385-9155x51060,"PSC 6290, Box 1931, APO AA 83005"
ACC1348,7426.0,Toni Gomez,6092218698,"Unit 2268 Box 9684, DPO AE 50928"
ACC1349,5313.0,Brittany Glenn,001-683-662-9676x25925,"82865 Price Glens Apt. 413, West Oscarstad, MS 70662"
ACC1350,3477.0,Maria Silva,615.590.8694,"USNV Mcclure, FPO AA 72679"
ACC1351,7808.0,Christopher Kelley,780-224-7597x75069,"904 Bradford Run, Meganmouth, SC 64138"
ACC1352,1764.0,Greg Kelley,523-933-0315x158,"USNV Gray, FPO AE 45492"
ACC1353,1314.0,Kimberly Hodge,001-557-593-0133x473,"701 Patrick Mill, Millerview, AL 50509"
ACC1354,7941.0,Megan Foster,366-843-2629x592,"472 Fernandez Overpass Apt. 660, Lake Brianna, NC 71086"
ACC1355,5859.0,Cathy Washington,5592742683,"834 Zoe Alley Apt. 447, East Devin, CA 36020"
ACC1356,3001.0,Elizabeth Lyons,(374)930-1211,"0976 Martin Islands, Tracyshire, MN 35125"
ACC1357,6118.0,Nathan Cooper,5033357510,"048 Dominique Hollow, Charlesbury, MN 68373"
ACC1358,6033.0,Carolyn Fowler,404.920.0139,"287 Campbell Square Apt. 640, North Mary, TX 00664"
ACC1359,1338.0,Michael White,+1-429-984-7425,"PSC 8058, Box 4068, APO AA 72342"
ACC1360,1380.0,Joe Davis,+1-640-495-6503x5397,"991 Elizabeth Tunnel Apt. 079, North Breannastad, CO 55711"
ACC1361,5370.0,Jason Schaefer,693-900-1338x687,"559 Smith Port, Thompsonside, CA 08265"
ACC1362,2136.0,Kim Palmer,864.729.3741x434,"96265 Samantha Neck Suite 635, Bondmouth, SD 51775"
ACC1363,1890.0,Scott West,(812)744-8762,"152 James Plaza, South Adam, ME 20521"
ACC1364,9618.0,Caitlin Weiss,001-672-743-4439x980,"PSC 2670, Box 0867, APO AE 31284"
ACC1365,1794.0,Kelly Morales,584.296.5784x98253,"413 Norris Path Apt. 200, Port Anthonyshire, KS 53030"
ACC1366,9524.0,Mary Reynolds,(703)363-1004x7358,"77448 Omar Tunnel Suite 659, Lake John, MS 04251"
ACC1367,4199.0,Christina Downs,001-598-438-1213,"563 Goodwin Port Apt. 728, Williamville, LA 97577"
ACC1368,9629.0,Justin Meyer,423.475.9998,"2049 Angela Locks, Port Susanport, OK 58043"
ACC1369,7464.0,Lori Washington,+1-250-583-8123x8894,"24420 Leblanc Trail, Port Andrewshire, FM 23715"
ACC1370,7898.0,Barbara Johnson,2412348245,"31999 Tina Oval Apt. 594, Charleschester, AL 76014"
ACC1371,3627.0,Sarah Brown,322-937-4211x6003,"43691 Courtney Parkway Suite 203, Cobbchester, NC 24769"
ACC1372,2386.0,Edward Garza,+1-340-493-4702,"44515 Freeman Brook, Lake Evelyn, LA 07449"
ACC1373,9559.0,Robert Parker,+1-414-635-3878x20186,"156 Williams Pike Apt. 537, West Jonathanland, NM 09410"
ACC1374,6880.0,Justin Trevino,506.873.1058x782,"7032 Gonzalez Skyway Apt. 665, Williamsmouth, FM 57850"
ACC1375,4037.0,Carol Rowe,517-605-8232x688,"055 Cody Track Apt. 114, North Heather, AZ 61689"
ACC1376,9432.0,Colton Hoffman,416.391.3573,"965 Hernandez Terrace, East Barbara, AS 39139"
ACC1377,8055.0,Mr. Bryan Jarvis DDS,+1-311-375-3147x715,"69005 Zuniga Dam Suite 589, Jordanbury, RI 23402"
ACC1378,1468.0,Dr. Sean Wood DVM,+1-978-220-5284x344,"96965 Aaron Brooks, South Jasonside, WA 99299"
ACC1379,2413.0,James Morgan,001-892-908-0706,"36434 Robert Greens, Lake Brenda, NV 93431"
ACC1380,3715.0,Renee Stevenson,001-253-630-9037x10292,"297 Lewis Brooks Suite 411, Port Kylestad, PR 51422"
ACC1381,9827.0,Christina Lambert,(978)299-2109,"115 Hayes Trail Apt. 875, New Brettburgh, NC 10856"
ACC1382,6803.0,Suzanne Bailey,(475)221-2086,"PSC 4031, Box 8813, APO AA 26903"
ACC1383,9763.0,Deborah Silva DDS,001-361-606-7361x748,"439 James Inlet, Lake Randytown, GU 56812"
ACC1384,1406.0,Marilyn Hernandez,(359)239-2659x681,"02997 Christine Cove Suite 606, Lake Frank, AR 95725"
ACC1385,8511.0,Deborah Espinoza,+1-559-226-9631x7178,"USNS Moody, FPO AE 02038"
ACC1386,1867.0,Carol Green,826-224-5818x47490,"PSC 4937, Box 0318, APO AA 14988"
ACC1387,4604.0,Dillon Livingston,+1-522-323-0162,"313 Cook Locks Suite 047, Hoganmouth, VI 92177"
ACC1388,7422.0,Evan Murray,8469396228,"93738 Todd Corner Apt. 473, West Rachael, IN 52427"
ACC1389,7210.0,Samantha Moore,889.870.6170,"1469 Justin Locks, Robertborough, GA 89892"
ACC1390,7731.0,Ernest Herring,001-977-684-9136x65553,"510 Mitchell Key Suite 109, North Tinaburgh, GA 34582"
ACC1391,2764.0,Emily Dyer,795.536.8475,"226 Sarah Lodge, South Michaelport, AL 17313"
ACC1392,7387.0,Kayla Curry MD,+1-491-970-3408,"56820 Penny Fields Apt. 561, Markfurt, WI 22602"
ACC1393,9952.0,Caleb Nelson,4189717716,"269 Jeffrey Trace Apt. 790, Andrewton, VT 01981"
ACC1394,4811.0,Michelle Cooper,(900)568-7729,"Unit 6551 Box 9894, DPO AE 48901"
ACC1395,9479.0,David Goodwin,001-931-596-7428,"5241 Smith Divide, Lake Kelly, TX 44128"
ACC1396,9507.0,Kathleen Smith,+1-240-927-6567x72269,"41172 Ryan Cliffs Suite 711, Kyleburgh, OK 32134"
ACC1397,1530.0,Jimmy Perez,5715281602,"USNV Myers, FPO AE 23620"
ACC1398,6744.0,Patrick Howard,+1-552-200-9504x29793,"6144 Harrison Mission, New Michaelview, PW 74649"
ACC1399,8161.0,Bryan Jones,807-932-1521x782,"4749 Renee Isle, Thomasberg, FM 91886"
ACC1400,3088.0,Stephanie Alvarado,(802)678-0766,"17901 Mcpherson Cape Apt. 030, Walkerport, HI 46844"
ACC1401,4847.0,Jasmine Davis,289-981-1558x7113,"803 Nicole Streets Apt. 163, South Tanya, WV 19497"
ACC1402,2430.0,Dr. Samuel Berry DVM,(891)979-0728x96456,"8759 Weber Oval, Burgessfurt, SD 08924"
ACC1403,5558.0,Lindsey Sherman,462-500-4286,"1610 Katie Bridge, Donnafort, MI 27373"
ACC1404,9005.0,Jeffrey Cochran,708-675-7968,"8620 Dana Motorway, Lake Stevenstad, CA 32993"
ACC1405,1018.0,Morgan Jones,(588)916-6101x64425,"Unit 3799 Box 1423, DPO AP 51521"
ACC1406,8189.0,Jason Savage,741-247-6365,"59374 Cherry Trail, Mooneystad, TX 58495"
ACC1407,6379.0,April Velasquez,+1-545-297-4731x433,"02853 Kimberly Lake, North Jenniferfort, NJ 84236"
ACC1408,5600.0,Todd Wright,699-276-5108x452,"5687 Hill Freeway, South Stevenstad, AZ 55464"
ACC1409,9744.0,Brian Benson,001-820-743-9012,"Unit 1921 Box 4303, DPO AE 67432"
ACC1410,3629.0,Mariah Patterson,539-881-1741x611,"45528 Shepard Ramp Suite 578, West Aaron, NY 27443"
ACC1411,3823.0,Christopher Lewis,(365)330-4257x9724,"0392 Johnson Shoals Apt. 893, New Huntertown, SD 80588"
ACC1412,7297.0,Kelsey Cook,435-539-0133x405,"155 Steven Well, Ellisonshire, LA 99660"
ACC1413,3502.0,Joseph Jimenez,(908)948-9334,"415 Richard Common, Youngport, AL 87625"
ACC1414,2063.0,Carol Mcguire,(273)243-4394,"976 Greene Row Suite 096, North Garrett, SC 36225"
ACC1415,5856.0,Lindsey Cline,266-438-4049x32187,"PSC 7600, Box 9800, APO AE 73062"
ACC1416,3128.0,Stephanie Nicholson,(204)368-1811,"USNS Mcgee, FPO AP 05402"
ACC1417,2592.0,Joanne Bauer,(295)982-5243,"053 Michael Locks, Bakerchester, KS 90112"
ACC1418,7088.0,Aaron Henry,+1-542-247-8284,"4988 Thompson Port Suite 823, Abigailberg, OH 60835"
ACC1419,3288.0,Timothy Wilson,001-549-402-0523x70570,"195 Lindsey Lane, Paceville, IA 96450"
ACC1420,9966.0,Amanda Flowers,865.782.2733x1374,"78235 Davis Road Apt. 701, Keithshire, CT 21851"
ACC1421,2449.0,Sherri Wells,001-900-951-5171x145,"9595 William Centers Apt. 333, North Brandon, CT 60492"
ACC1422,8331.0,Holly Wiley,001-973-328-0829x34903,"13331 Lewis Dale Suite 182, West Brianside, IL 33839"
ACC1423,3948.0,Thomas Olson,2989375759,"63650 Richard Plains, Deniseview, TN 33000"
ACC1424,6723.0,Mark Oliver,001-363-823-0959,"238 Kenneth Mountains Apt. 535, New Karen, PW 73982"
ACC1425,2716.0,Katherine Rogers,001-968-400-5640x94315,"03914 Moore Ramp Suite 252, Brennanborough, VI 27143"
ACC1426,1591.0,Melissa Kelley,001-832-382-2921x30784,"925 White Rest Suite 984, Gregoryview, AR 11767"
ACC1427,4724.0,Heather Hoffman,(833)654-0474,"85988 Hunt Causeway, West Paulfort, TN 95095"
ACC1428,8791.0,Jeffrey Thompson,(242)770-2397,"624 Katie Station, Lake Thomastown, MP 80132"
ACC1429,6397.0,Sean Massey,(533)563-5451,"80517 Natalie Junction, Gabriellabury, KY 00802"
ACC1430,9472.0,Curtis Phillips,402.266.6510x34376,"4917 Eric Mission, Sarahberg, FL 92619"
ACC1431,7113.0,Stacey Bradford,+1-489-546-5657x969,"3894 John Hills Suite 498, Matthewville, MS 83278"
ACC1432,2723.0,Paul Wilkins DVM,001-799-820-7375x0817,"194 Lisa Points, New Normanberg, WA 71591"
ACC1433,7750.0,Christina Porter,218.595.8044x60816,"576 Coleman Isle Apt. 523, Susanfurt, CT 99487"
ACC1434,3318.0,Carol Hurst,981-710-1109,"0179 Wright Radial, Birdfort, LA 03008"
ACC1435,4773.0,Heather Le,643.211.7985x288,"132 Jacobs Lights Suite 554, West Eric, WI 16152"
ACC1436,9637.0,Jessica Snyder,900-273-4341x9627,"8557 Horton Plain, Mathewston, PA 01810"
ACC1437,4713.0,Robert Powers Jr.,(758)433-4293x8787,"4241 Freeman Village, Jacksonfurt, SD 08696"
ACC1438,9424.0,Mrs. Christine Taylor,(977)979-9236,"USNS Castillo, FPO AA 37898"
ACC1439,8984.0,Andrew Atkins,611-951-5495x33945,"133 Heather Brooks Apt. 352, South Georgemouth, NC 75742"
ACC1440,9570.0,Daryl Cannon,(210)976-0486,"462 White Land Apt. 261, South Toddport, NJ 71475"
ACC1441,5128.0,Benjamin Roberson,893-885-1680x83389,"0565 Watson Keys Suite 536, Jillianhaven, FM 94812"
ACC1442,2197.0,Eric Travis,955-919-6834,"4444 Chase Ridges Apt. 007, Lake Toddport, MD 90204"
ACC1443,7439.0,Marcus Stone,397-698-4067,"018 Charles Union Suite 936, Chanfort, ME 48808"
ACC1444,4004.0,Amy Jacobs,557-852-0092x06087,"80941 Thornton Tunnel Apt. 801, Port Jillianfort, NM 87804"
ACC1445,8492.0,Veronica Cooper,979-813-0814,"USS Webb, FPO AP 72947"
ACC1446,8146.0,Nicole Hayes,+1-719-302-0848x4905,"555 Nicholas Highway, North Kimberly, DC 32836"
ACC1447,1605.0,Katherine Williams,001-554-264-5533x78597,"87525 Daniel Port Apt. 144, Avilaview, FM 67869"
ACC1448,3270.0,Katie Mills,507-502-1559x2070,"PSC 9534, Box 3866, APO AE 52336"
ACC1449,2179.0,Loretta Stafford,001-687-251-9253x75733,"700 Scott Station Apt. 167, North Melissa, WI 05411"
ACC1450,4064.0,Daniel Ritter,998-953-8026,"45528 Elliott View, Susanfort, AR 54525"
ACC1451,8950.0,David Mason,977.277.9782,"16439 Dustin Prairie, Sototon, VT 59602"
ACC1452,5206.0,Joann Wood DDS,001-284-324-7238x416,"768 Deborah Harbors Suite 481, South Ricky, MO 64218"
ACC1453,1581.0,Lisa Smith,398-684-9187x61507,"71092 Mckay Hills Suite 705, Lake Katrinachester, DC 62790"
ACC1454,8098.0,April Huynh,(317)535-8303x695,"957 Andrew Unions, North Mark, CA 28578"
ACC1455,7494.0,John Bennett,2004977835,"300 John Lock, Port Ashleyton, NM 81485"
ACC1456,6743.0,William Morton,+1-392-388-0677x9789,"585 Natalie Inlet Apt. 979, Alanchester, VA 51849"
ACC1457,8675.0,Mario Smith,001-348-445-2502x621,"Unit 0146 Box 7024, DPO AP 45115"
ACC1458,1752.0,April Wells,+1-425-363-7328x5969,"170 Sheppard Lane, West Mitchellside, DE 74813"
ACC1459,9426.0,Bradley Dickerson,001-837-938-6467x81517,"PSC 8640, Box 4173, APO AA 96489"
ACC1460,7924.0,Mckenzie Martinez,(527)648-8537,"08322 Penny Forges, Tuckerland, AZ 35331"
ACC1461,7591.0,Emma Williams,+1-278-253-2395x1864,"80637 Caleb Pines, East Allison, KY 07343"
ACC1462,9726.0,Misty Bailey,001-929-602-8947x80063,"PSC 0312, Box 3421, APO AP 42063"
ACC1463,8951.0,Kelsey Heath,(336)835-0570x3936,"8008 Anthony Spring, Mitchellfurt, SD 00696"
ACC1464,5688.0,Roberta Nunez,001-728-299-3272x83442,"372 Brooks Ranch, New Jeanette, NV 26936"
ACC1465,1081.0,Dr. Johnathan Sexton,473.340.1640x31481,"6482 Lynn Fall, South Rebecca, NC 44487"
ACC1466,7994.0,Maria Reynolds,(240)606-8679,"PSC 1657, Box 3872, APO AP 73638"
ACC1467,9167.0,Jasmine Davis,807-907-2946,"6169 Natalie Drive, Blackchester, SD 82396"
ACC1468,6733.0,Julian Gonzalez,5019264177,"009 Brandy Cove, New Barbarachester, CO 60425"
ACC1469,1664.0,Todd West,+1-972-578-2235x756,"46122 Penny Expressway Apt. 746, East Natasha, AL 05847"
ACC1470,6472.0,Ann Hernandez,+1-541-624-0536x813,"1320 Yoder Isle, West Isabellaborough, GA 98149"
ACC1471,3923.0,Scott Luna,(859)623-4146x8160,"2369 Graham Court, Pamelashire, MS 49725"
ACC1472,7062.0,Robert Barnett,+1-390-734-3360x697,"3207 Johnson Ford, Daniellebury, ID 77982"
ACC1473,3024.0,Christopher Black,001-579-544-5928x7881,"3816 Christine Underpass, Martinside, NH 71228"
ACC1474,7952.0,Jennifer Morris,597.601.8318,"262 Riley Islands Apt. 185, East Thomas, NH 04403"
ACC1475,7539.0,Kimberly Lopez,445.296.8331x911,"PSC 1767, Box 6386, APO AE 62966"
ACC1476,7599.0,Grace Terry,789-561-2071x255,"600 Rachel Station, South Elizabethburgh, LA 02036"
ACC1477,8217.0,Vincent Brown,(964)293-1759x85005,"9151 Jill Extension, North Elizabeth, PR 12554"
ACC1478,2220.0,Rebecca Bonilla,(800)458-9120x16368,"88946 Heather Street, South Josephburgh, CO 70502"
ACC1479,6824.0,Dana Delgado,597-865-5752x164,"652 Lauren Spur, Richardchester, NY 80802"
ACC1480,7130.0,Kevin Knight,260-650-3477,"24628 Patrick Locks Suite 355, Stephenburgh, ID 28274"
ACC1481,6542.0,Hector Jones,514-883-3533x529,"775 Matthew Freeway, Charlesside, SD 76814"
ACC1482,1501.0,Vanessa Sims,476.838.7243x2747,"44975 Garza Ports, Lake Jeffrey, DC 60716"
ACC1483,6980.0,Matthew Smith,(231)878-6190,"0158 Jeffery Wall, Jessicaview, WY 49363"
ACC1484,5445.0,Daniel Foster,(838)744-5175,"6356 Williams Valley Suite 707, Shellychester, GU 13032"
ACC1485,1068.0,Steven Bowers,(690)958-7372x84243,"8362 George Road Suite 210, North Dean, MI 39482"
ACC1486,7086.0,Lisa Wood,+1-353-218-0915,"3471 William Garden, Carrieborough, IN 58078"
ACC1487,6296.0,Tiffany Adkins,(815)922-9196x509,"882 Melton Spurs Apt. 251, New Carlos, DE 39078"
ACC1488,9167.0,Ashley Wallace,+1-460-404-7606,"USNS Good, FPO AP 59814"
ACC1489,9964.0,Jessica Campbell,001-407-645-5632x48674,"1408 Anderson Pines Suite 899, North Jessica, DE 20593"
ACC1490,7658.0,Derek Price,471.990.8828x63091,"63375 Ashley Fort, East Kimberlymouth, IN 28255"
ACC1491,9218.0,Julie Nolan,001-233-941-5418x09799,"3047 Peterson Station Suite 765, Port Brandyfurt, NV 52816"
ACC1492,9259.0,Caleb Moore,001-440-694-8124x80304,"6459 Benson Centers, West Alexisport, OH 09029"
ACC1493,1422.0,Lance Nielsen,+1-573-943-9378,"79019 Torres Walks, Andersonborough, AR 29530"
ACC1494,7027.0,Kathy Ruiz,001-342-917-3060,"925 Banks Underpass Suite 863, West Gregoryborough, CT 06944"
ACC1495,5855.0,Tammy Neal PhD,277.809.3053,"6154 Jason Ports, Williamton, AK 95790"
ACC1496,9936.0,Erin Floyd,(739)598-8525,"2076 Diaz Passage Apt. 763, Melissashire, VI 93975"
ACC1497,5952.0,Melissa Todd,661-340-9200x944,"PSC 7286, Box 5463, APO AA 52142"
ACC1498,8274.0,Eric Robinson,(349)853-7910,"42775 Griffin Harbor Apt. 148, North Erica, MS 81564"
ACC1499,1516.0,Todd Ramirez,278.767.4211x276,"Unit 2179 Box 6666, DPO AA 39443"
ACC1500,4028.0,Brittany Peterson,001-254-797-4839x7069,"Unit 2218 Box 3848, DPO AP 06687"
ACC1501,6753.0,Haley Parker,(930)440-9074x57460,"126 Nguyen Greens, Riceshire, TX 10353"
ACC1502,3447.0,Rodney Dean,888-656-8088x345,"06434 Sarah Knolls Apt. 472, Gonzalezstad, AS 93589"
ACC1503,5065.0,Hannah Bowman,+1-573-334-7581x8185,"609 Mccoy Dam, Jacksonfort, WA 93901"
ACC1504,1109.0,Kathryn Davis,866.770.6042x55093,"40481 Johnson Lake, North Deniseborough, MN 96100"
ACC1505,6420.0,Patricia Gordon,667-982-8291x98587,"USS Cox, FPO AE 55505"
ACC1506,6465.0,Diana Carney,246-339-7191x64870,"07749 Hannah Prairie Apt. 569, Michelleport, TX 43880"
ACC1507,1139.0,Dean Dixon,366-239-2986x419,"728 Matthew Place, South Barbaramouth, UT 93711"
ACC1508,5396.0,Keith Brown,544.710.3082x63824,"4731 Larry Pike, Lake Matthew, DE 45350"
ACC1509,6370.0,Stephanie Griffin,(511)369-0724,"185 Jeffrey Estates, Lake John, GA 89326"
ACC1510,2360.0,Bailey Howell,218-916-0277,"8659 Wood Spurs, Matthewhaven, CO 79510"
ACC1511,6880.0,Victoria Rogers,+1-540-504-1220x5591,"47523 Powers Mills, New Melissaborough, NH 53775"
ACC1512,3234.0,Kevin Jenkins,(905)602-3970x05846,"420 Richard Port, East Kenneth, MA 47161"
ACC1513,9784.0,Lori Bailey,001-456-238-3988,"4304 Matthew Vista Apt. 162, Rogersbury, PW 92309"
ACC1514,9525.0,Megan Frye,001-940-316-8585,"89226 Robertson Dale Suite 777, Port Andreabury, WA 83558"
ACC1515,7676.0,Julia Meyers,643.539.6855x178,"5244 Herrera Vista Apt. 989, South Alexside, LA 16472"
ACC1516,4128.0,Jeffery Jones,001-779-816-9322x36842,"92669 Johns Spurs Suite 904, Port Adam, DC 08920"
ACC1517,2416.0,Bradley Lewis,356.759.0579,"58300 Berger Stream, Lake Michael, FM 89489"
ACC1518,6901.0,Ashley Gates,+1-744-278-5970x0951,"72218 Gonzalez Crossroad, North Samuel, OH 03857"
ACC1519,5653.0,Stephanie Morgan,202.925.7765x41019,"8171 Patterson Stravenue Apt. 445, East Sean, MO 69722"
ACC1520,4145.0,Annette James,+1-581-981-0406x8734,"81937 Parker Summit Apt. 820, Spencerstad, PW 30694"
ACC1521,5514.0,Melvin Zavala,(502)825-9237x9193,"1811 Little River Suite 381, East Monicafurt, ME 30037"
ACC1522,4356.0,Logan Oconnell,+1-979-823-0524x2853,"PSC 3660, Box 6562, APO AP 15873"
ACC1523,4245.0,Randy Reynolds,001-910-499-8754x05315,"1709 Diana Cliff Suite 110, Port Daniel, WV 65174"
ACC1524,3137.0,Ashley Mccoy,001-758-762-3501,"149 Dennis Cliff, Perrystad, TN 46895"
ACC1525,4564.0,Kari Dunn,+1-279-944-4643,"931 Joshua Manors, South Dorothystad, IN 35050"
ACC1526,8772.0,Leah Hicks,409.512.1766,"726 John Ferry, Underwoodberg, FL 91728"
ACC1527,8546.0,Kelly Duncan,(626)942-7634,"9008 Allen Rapid, Fostermouth, OK 78167"
ACC1528,6528.0,Tami Houston,+1-570-724-4552x211,"PSC 9252, Box 6982, APO AE 24414"
ACC1529,9003.0,Patricia Wood,660.753.9079,"167 Johnson Motorway Suite 629, Michaelchester, WI 94540"
ACC1530,9023.0,Ronnie Gould,(735)958-5376,"0703 Atkinson Point, North Heather, SC 77224"
ACC1531,4428.0,Michael Garrett,(507)301-0127x610,"3638 Parrish Well Apt. 710, West Bailey, MS 94697"
ACC1532,1111.0,Maria Gilmore,001-664-310-2409x55600,"4043 Martin Junctions, Angeltown, FL 40791"
ACC1533,6651.0,James Wallace,001-980-357-9188,"34466 Calhoun Junctions, Smithland, KS 40135"
ACC1534,3371.0,Tonya Camacho,(812)287-8371x000,"21955 Daniel Fork, Millerchester, MA 72233"
ACC1535,5440.0,Michael Charles,001-560-209-1135x635,"837 Dixon Bridge Apt. 262, Murraymouth, MN 91571"
ACC1536,7466.0,Jamie Dennis,+1-257-545-7590,"81591 Norton Crest Apt. 667, Wardport, HI 61609"
ACC1537,5091.0,Kimberly Beltran,(857)614-1777x3240,"519 Rhonda Mountain Suite 614, West Danieltown, LA 32113"
ACC1538,9968.0,Michelle Jensen,+1-460-558-7414x04632,"56804 Brown Via, Port Trevor, DC 94724"
ACC1539,5010.0,Robert Harris,581-282-2981,"5540 Paige Village, Mitchellville, TN 36809"
ACC1540,4687.0,Melissa Kaiser,+1-741-767-6521,"76524 Johnson Junctions, Johnville, NM 05786"
ACC1541,1037.0,William Lynch,001-987-480-2692,"Unit 0831 Box 1412, DPO AE 94482"
ACC1542,5948.0,Robert Campos,(556)559-7325x3300,"37042 White Shores Apt. 892, Matthewchester, MN 51083"
ACC1543,7260.0,Sharon Gutierrez,3125802222,"459 John Views Apt. 011, East Danielshire, MN 81892"
ACC1544,8148.0,Rebekah Johnson,(615)809-8630x3001,"613 Jason Trace Apt. 923, East Laura, VA 15250"
ACC1545,4765.0,Rachael Espinoza,336-945-1654,"180 Ruth Springs, Suzannestad, WI 35383"
ACC1546,9337.0,Scott Rojas,+1-304-812-2090,"02863 Jeffery Divide, South Tanner, AL 14799"
ACC1547,1705.0,Edwin Porter,474.869.7211x436,"USNV Bailey, FPO AA 71931"
ACC1548,8253.0,Brandon Velazquez,+1-266-303-0435x7521,"PSC 3094, Box 1110, APO AE 51815"
ACC1549,7833.0,Nicole Flores,354.445.1505,"495 Joseph Bypass Suite 704, Elizabethview, ND 01959"
ACC1550,5244.0,Anthony Perez,+1-487-217-0876x625,"Unit 1485 Box 0699, DPO AE 14787"
ACC1551,3123.0,Jessica Moore MD,581.281.8330,"198 Hall River, South Laura, PA 97839"
ACC1552,3240.0,David Hughes,001-729-354-4480,"946 Alexander Corner, Lake Jonathanton, IA 10622"
ACC1553,8152.0,Dawn Graves,001-297-496-0397x4649,"USNS Reed, FPO AA 41501"
ACC1554,3649.0,Lisa Young,642-472-9791,"069 Liu Cliff Apt. 200, Port Kevinchester, IL 12765"
ACC1555,1295.0,Marie Perry,+1-994-552-4282x3149,"953 Tammy Corner Apt. 511, Powersborough, NJ 08009"
ACC1556,2460.0,Julie Riley,001-854-661-5217x138,"USCGC Avila, FPO AP 95964"
ACC1557,3304.0,Jeremy Wilson,504.871.0044x791,"5792 Erickson Cliff, Owensport, ID 86362"
ACC1558,5089.0,Erica Chan,(608)941-2498x49241,"15294 Bobby Orchard Apt. 669, Ferrellville, MP 21886"
ACC1559,8934.0,Thomas Thompson,695-508-6547,"495 Brenda Crescent Apt. 500, Josephville, ND 36340"
ACC1560,3127.0,Russell Howard,971.305.7016x209,"023 Moreno Turnpike Suite 086, North Wanda, DC 22935"
ACC1561,2937.0,Richard Estrada,698.609.3249x32641,"068 Austin Mill Suite 579, West Mercedes, TN 51055"
ACC1562,5137.0,Emma Johnson,907.240.8795,"78359 Barker Loaf Suite 109, East Tracy, MA 01340"
ACC1563,4945.0,Robin Pineda,291-804-8931x30145,"19975 Hamilton Circles Suite 280, Elizabethton, FL 35116"
ACC1564,7538.0,Eileen Thomas,326-910-3718x7865,"81273 Ryan Dam, North Hollybury, NM 43032"
ACC1565,6800.0,Barbara Burke,738-552-9336x19308,"483 Cathy Path, North Tanner, GU 76786"
ACC1566,1863.0,Katherine Cruz,(226)323-5059,"013 Goodwin Turnpike Suite 919, Walkerchester, IL 17179"
ACC1567,9980.0,Jennifer Hunter,814-647-3920x4228,"18208 Caroline Center Apt. 478, Malonemouth, NV 84154"
ACC1568,7611.0,Tracey Garcia,8146513408,"812 Kim Land Suite 431, Gregchester, NH 71670"
ACC1569,9430.0,Cynthia Carter,730.656.9619x305,"5768 Mark Stream, South Brent, NJ 21536"
ACC1570,5735.0,Stephanie Trujillo,566.451.1173,"USS Parker, FPO AA 61733"
ACC1571,3676.0,Diane George,+1-827-254-6088x767,"70255 Simmons Camp, Jamesmouth, IL 40207"
ACC1572,5827.0,Megan Thomas,828-708-5525x4865,"4332 Davis Mission, South Julie, NH 01129"
ACC1573,3366.0,Jamie Jenkins,996.586.2900,"PSC 5547, Box 6727, APO AA 09671"
ACC1574,1182.0,Mark Gibson,(431)541-3469,"7822 Rivera Skyway Suite 809, Brandonton, CT 30275"
ACC1575,3869.0,Cheryl Thomas,+1-984-873-8564x426,"36619 Jones Isle Suite 710, Petersonhaven, LA 78023"
ACC1576,2704.0,Mallory Moreno,(953)825-7453x082,"57662 Maynard Groves, Lake Dustinfurt, NE 98100"
ACC1577,2426.0,Mariah Sherman,+1-321-774-4098x4723,"4096 King Camp, Travisview, IL 17390"
ACC1578,4577.0,Shawn Ellis,+1-925-965-2673,"714 Benjamin Forks, Lake Nicholasborough, TN 52238"
ACC1579,7635.0,Miranda Martinez,(599)630-1765x601,"745 Wendy Knolls, Port Jillianville, PW 72835"
ACC1580,9518.0,Elizabeth Johnson,916.680.2502,"3518 Rhonda Fords Suite 129, Maryland, VT 94948"
ACC1581,3262.0,Mary Davis,981-280-7895,"8985 Kristin Expressway Suite 042, Lovehaven, ME 77731"
ACC1582,5872.0,Jose Ayala,+1-511-672-9309x371,"690 West Mountains, Jenniferport, AK 01171"
ACC1583,1133.0,Michelle Lopez,673-674-3956,"07374 Rhonda Branch Suite 958, New Kristi, TN 00758"
ACC1584,3141.0,David Nguyen,001-332-820-1351x1240,"5676 Thomas Common, Williamston, VA 79099"
ACC1585,2022.0,Donna Obrien,398.676.5826,"0392 Jacqueline Station Suite 838, Raymondville, IN 28410"
ACC1586,1697.0,Andrea Patel,(250)919-1539,"483 Bolton Pass Apt. 653, Jennyfurt, AZ 26771"
ACC1587,5513.0,Sandra Brown,201.742.4080,"507 Shelby Brook Apt. 827, Port Michael, MD 93271"
ACC1588,6138.0,Christine Reyes,001-934-644-0457x46460,"92521 Olson Streets Apt. 731, Martinburgh, FL 44674"
ACC1589,9890.0,Dr. Larry Rivera,(384)563-9641x46926,"PSC 1435, Box 0957, APO AE 30509"
ACC1590,4984.0,Brent Donovan,001-442-442-0389x85545,"07111 Stone Parkways Apt. 010, Ronaldside, MP 11026"
ACC1591,7899.0,Jessica Kennedy,(814)665-5878x7711,"56865 Robert Crest, Wilsonbury, LA 02779"
ACC1592,9287.0,Patricia Hamilton,845-349-4910x3439,"PSC 9689, Box 9985, APO AE 39070"
ACC1593,4850.0,Christopher Dunn,752.227.5749x126,"7870 Luis Roads Suite 178, North Ruthbury, NM 74173"
ACC1594,6360.0,Sheila Porter,(501)705-9807x03416,"886 Smith Flat Apt. 764, Lake Patriciaberg, VT 81758"
ACC1595,4238.0,Maria Smith,001-730-415-4983x87437,"3808 Young Springs Suite 997, Port Rachel, MN 66713"
ACC1596,6390.0,Jeffery Daniels,001-346-554-4889x2084,"7665 Ward Spur Apt. 124, Lake Gregorymouth, AR 28281"
ACC1597,9399.0,Alison Riley,(722)843-2427x439,"3686 Calhoun Port, West Angela, ND 71326"
ACC1598,6656.0,Robert Mendoza,001-790-678-2091x2491,"26265 Tina Villages, North Jeffrey, AZ 34399"
ACC1599,1436.0,Brenda Taylor,001-491-663-1975,"5508 Richards Meadows Apt. 658, Robertport, KS 71025"
ACC1600,3156.0,Todd Jones,001-462-272-6733x583,"3207 Benson Crossroad, North Brendan, DE 15503"
ACC1601,6454.0,Daniel Mullen,801-397-2716,"USS Salazar, FPO AP 20918"
ACC1602,1817.0,Lisa Davies,+1-973-408-4171x002,"3841 Smith Terrace Suite 291, Shawnland, CT 84185"
ACC1603,6240.0,Ashlee Wright,628.408.0898,"7667 Liu Loop, Lake William, OR 85676"
ACC1604,7215.0,Craig Bradford,+1-681-697-2211x3030,"408 Travis Expressway, Daisyport, MI 27794"
ACC1605,4650.0,Jill Meza,(415)919-5806x7048,"949 Andrew Crossroad Suite 851, West Jennifer, AR 71320"
ACC1606,1473.0,Gabrielle Jordan,001-444-208-1669x7155,"8888 Blackwell Plain, West Robertbury, VI 86481"
ACC1607,8435.0,Crystal George,955.708.9357x0637,"39371 Richard Crescent, South Brandonberg, VA 09842"
ACC1608,3193.0,Thomas Hanson,573-339-3120,"3844 Alexis Shore, Port Bryanhaven, MI 43645"
ACC1609,7550.0,Melanie Brady,(208)357-6191x6130,"712 Hopkins Prairie, Stanleytown, WI 49578"
ACC1610,3745.0,Danielle White,(440)904-4034,"0264 Preston Glens Apt. 047, Lake Gary, AR 73300"
ACC1611,7928.0,Molly Valdez,+1-435-373-5937x6718,"Unit 0459 Box 2780, DPO AP 47229"
ACC1612,7072.0,Jacob Barron,001-717-287-1843x75344,"4512 Doyle Streets, Port Elizabeth, VI 04985"
ACC1613,1428.0,Kiara Hart,(383)666-1550x12393,"9107 Melinda Estate, Alejandramouth, GA 80026"
ACC1614,1061.0,Lisa Howell,001-630-276-6329,"833 Matthew Points, Gatesview, PW 34509"
ACC1615,6495.0,Kristy Bennett,(855)211-0142x864,"585 Davis Hill Apt. 188, Port Amandashire, NH 71011"
ACC1616,8114.0,Julie Braun,(446)313-5963x98846,"9585 Robert Road, Lake Ronald, MN 27746"
ACC1617,2466.0,Shelby Lynn,5752142651,"PSC 1765, Box 4564, APO AA 84475"
ACC1618,9664.0,Tonya Zimmerman,+1-856-338-7224x54233,"2984 Davenport Brook, Lake Cindy, DE 20289"
ACC1619,3578.0,Gordon Mercado,906-932-2101x5389,"975 Robert Ports Suite 580, New Alexandraborough, MN 22804"
ACC1620,3273.0,Amy Kirk,+1-541-505-4840x111,"885 Natalie Skyway, North Roberttown, NM 77921"
ACC1621,1995.0,John Coffey,+1-627-437-3652x178,"76208 Kristopher Row, Patrickbury, AL 68572"
ACC1622,3354.0,Jennifer Walker,(852)777-9841x45240,"6425 Burton Shores, Joneschester, ND 71103"
ACC1623,9826.0,Rachael Morgan,001-544-285-7507x539,"USS Mccoy, FPO AE 16828"
ACC1624,1756.0,Bradley Silva,001-528-775-9123x17963,"31988 Moore Court Apt. 167, Josephton, TX 82073"
ACC1625,4211.0,Thomas Paul DVM,001-467-384-2312x4928,"2373 Audrey Tunnel, South Jayton, OR 16318"
ACC1626,7497.0,Jessica Galloway,001-634-265-0095x377,"98799 Rodriguez Lock Apt. 519, Victoriaton, MH 28260"
ACC1627,2133.0,Mark Humphrey,237-504-1506,"291 Nicole Junction, Gallagherland, AK 45259"
ACC1628,8872.0,Seth Spears,001-853-611-3794x982,"0695 David Well, Valenciaton, ND 82768"
ACC1629,4122.0,Allison Douglas,775.262.6495,"17355 Richmond Points, East Philipport, OH 98722"
ACC1630,4914.0,Timothy Meza,2955274414,"3806 Sanchez Junctions, Meganton, OH 75575"
ACC1631,9824.0,Mike Snow,001-320-333-8397x6563,"41274 Washington Drive Suite 066, Port Sarachester, FM 81297"
ACC1632,7153.0,Gina Booker,+1-947-660-7583x78260,"9788 Brooks Branch Apt. 817, Griffinshire, MH 98258"
ACC1633,4148.0,Thomas Sharp,731-928-2211x747,"0486 Larson Track, Lake Angelica, ME 48209"
ACC1634,7386.0,David Watson,7174534987,"072 Cook Branch Apt. 992, Bryanttown, VI 80711"
ACC1635,8170.0,Larry Brown,817.404.5876x89287,"65988 Porter Roads Suite 370, Patrickfurt, RI 53660"
ACC1636,2748.0,Chris Patrick,+1-684-329-7057x90346,"3498 Jeffrey Alley Apt. 653, West Christian, AZ 21176"
ACC1637,2644.0,David Webster,+1-990-321-2151x764,"8453 Rachel Islands, Lake Joe, GA 37945"
ACC1638,4612.0,Paul Shelton,462.489.4130x398,"502 Christine Road Suite 417, Hernandezmouth, UT 45104"
ACC1639,1863.0,Mr. Gabriel Scott DDS,001-611-450-8481x005,"19689 James Turnpike, Ericburgh, GU 74963"
ACC1640,9166.0,Mark Sherman,+1-865-862-6750x7906,"81417 Joel River, Ellismouth, MD 24347"
ACC1641,4091.0,Jason Cantrell,6535477022,"9526 Luis Rapid Suite 067, Phillipstad, VT 73584"
ACC1642,5580.0,Kelli Brown,284-952-0606x373,"4638 James Ports Apt. 545, Richardside, NJ 44001"
ACC1643,7796.0,Cheyenne Andrews,723-968-0944x3425,"40950 Shannon Avenue, Clarkport, MT 02261"
ACC1644,7811.0,Pamela Collins,+1-274-426-4203,"USS Mendez, FPO AP 97536"
ACC1645,9742.0,Kathleen Martin,(218)364-6931,"623 Owens Mountains, East Keith, CT 32179"
ACC1646,7803.0,Alexander Bennett,838-974-1715,"71846 Bender Passage Apt. 795, Hernandezborough, WA 67248"
ACC1647,3403.0,Heather Christian,292-692-7077x6302,"5792 Mitchell Cove, South George, ID 80712"
ACC1648,1253.0,Janet Schultz,+1-912-914-1822x27530,"499 Bryan Manor, Woodberg, AL 81866"
ACC1649,3082.0,Ann Jones,+1-974-695-1358,"458 John Cliff, New Charles, SD 05619"
ACC1650,6612.0,Christopher Wolf,001-464-608-5091,"66918 Scott Rest, East Robert, FM 27003"
ACC1651,8573.0,Jacqueline Martin,822-224-9599x06348,"74952 Anderson Neck, Dustinhaven, RI 68041"
ACC1652,7209.0,Tracy Martinez,3642735124,"Unit 4499 Box 2078, DPO AA 71042"
ACC1653,9382.0,Christina Norman,817.475.3881,"54435 Alexander Lodge, East Jennifermouth, FM 43366"
ACC1654,7000.0,Becky Howard,(207)386-2480x152,"8498 Shelly Radial, Kathyview, WY 31917"
ACC1655,9742.0,Savannah Turner,650-429-3615x356,"3446 Wong Ramp, Hendersonberg, NY 90174"
ACC1656,7311.0,Richard Sanders,323-511-1020,"5893 Tina Stream, East Christine, MH 48475"
ACC1657,5326.0,Robert Bates,+1-863-442-4380x204,"83855 Wood Route, East Chad, OH 98532"
ACC1658,3167.0,Joshua Shields,723-510-9376x070,"3914 Scott Trafficway, Anthonyland, MS 53141"
ACC1659,8794.0,Brian Houston,691-784-6560,"6545 Kennedy Islands Apt. 180, Lake Jasonchester, MT 46619"
ACC1660,1558.0,Seth Mullins,4738660137,"66064 Lewis Mountains, West Charlene, TX 69626"
ACC1661,7902.0,Christopher Garcia,001-251-596-2280x219,"USNS Taylor, FPO AA 20677"
ACC1662,5812.0,Shawn Peck,(365)894-0946x04879,"15938 Manuel Harbors Apt. 995, Justinfort, NV 96187"
ACC1663,2813.0,Levi Rodriguez,927-924-9092,"211 Conrad Ranch, Rushshire, UT 40158"
ACC1664,1368.0,Kristin Reyes,797-458-6349x12373,"4851 Fox Unions, North Ericstad, MH 50430"
ACC1665,3380.0,Troy Sanchez,5289372504,"9772 Hernandez Burg, South Joelmouth, VT 56781"
ACC1666,9415.0,Tammy Cook,673.603.7963x25901,"442 Stevens Ridge Suite 181, New Brittanyburgh, OK 01307"
ACC1667,1410.0,Curtis Garcia,285.719.6768x7480,"6492 Kyle View Suite 997, South Alexander, MT 33873"
ACC1668,1471.0,Jennifer Murphy,+1-787-575-5950x70802,"9884 Jenkins Trail Apt. 044, Mariaport, NM 65186"
ACC1669,7893.0,Mark Lee,598.751.7826x353,"305 Maria Estates, Port John, ND 04082"
ACC1670,6509.0,Sean Hess,3004035328,"9828 Frye Ranch Apt. 013, Lake Christopher, OH 17456"
ACC1671,7618.0,Keith Baker,477.710.8681x886,"PSC 3539, Box 6423, APO AE 69028"
ACC1672,3885.0,Kevin Becker,+1-254-837-1379x3658,"1492 Katrina Lakes Suite 577, Port Caroline, FM 93408"
ACC1673,9070.0,Michael Boyd,555-817-6846x8406,"9623 Vasquez Mills Apt. 578, East Sherryburgh, KS 27202"
ACC1674,9830.0,Elizabeth Becker,+1-405-590-6411x553,"469 Coleman Shore Apt. 335, North Kennethview, OK 14727"
ACC1675,7673.0,Joseph Martin,989-726-3999x0541,"4430 Hoover Manor Apt. 032, Fordmouth, VA 11183"
ACC1676,5046.0,Kerry Nelson,001-680-433-7491,"3637 Murphy Island Apt. 143, Thompsonville, WV 83427"
ACC1677,7945.0,Amy Buckley,001-321-786-9852x170,"1999 Collins Extensions, Jenniferbury, WY 33582"
ACC1678,1491.0,Kimberly Finley,+1-260-450-9342,"15952 Renee Forge Apt. 844, Lake Mark, WV 39387"
ACC1679,2262.0,Margaret Jones,703.942.8354,"565 Watkins Locks Apt. 779, Nicoleborough, WA 82072"
ACC1680,3497.0,Kenneth Long,+1-861-674-2325,"1105 Garcia Road Suite 868, Port Katie, TX 47192"
ACC1681,4898.0,Tonya Wilson,440-944-2615x1897,"962 Richard Lake, Maryburgh, MT 18855"
ACC1682,9169.0,James Nixon,(268)815-4101x96232,"980 Roman Landing Apt. 927, New Mark, NV 40896"
ACC1683,4820.0,Crystal Stone,001-247-987-1501,"131 Oliver Tunnel Suite 512, Wilkinsonchester, ME 79164"
ACC1684,2233.0,Jonathan Smith,408.388.5342x954,"USNS Brown, FPO AE 42400"
ACC1685,7768.0,Stephen Rodriguez,001-501-975-1208x6964,"96902 Cooper Alley, South Jeffrey, MS 65421"
ACC1686,7376.0,Susan Turner,834.400.5869,"369 Ford Turnpike Apt. 703, New Todd, GU 03543"
ACC1687,8015.0,Gerald Green,(289)625-0063x05816,"8281 Soto Lakes, Riverafort, OK 39874"
ACC1688,3441.0,Donald Hill,211-667-4753,"857 William Ports, Meganton, NV 70905"
ACC1689,4127.0,Deanna Santiago,(363)539-8075,"7419 Brady Lights Apt. 162, Grahamborough, MH 33348"
ACC1690,5935.0,Natasha Ortega,(768)790-1550,"USNS Garcia, FPO AE 06389"
ACC1691,7991.0,Christine Carpenter,737.715.3294,"94044 Dennis Curve Apt. 894, Rodgersstad, NY 53259"
ACC1692,6528.0,Rebecca Anderson,903-994-9121x0116,"3632 Brooke Well Suite 587, Jamesville, ND 24833"
ACC1693,4978.0,Kenneth Johnson,(319)951-0144x34412,"063 Alexis Brooks Apt. 858, East Kerri, KS 35925"
ACC1694,7189.0,Samuel Phillips,982-835-6602x3074,"16815 Phillips Parkway, Irwinmouth, AZ 49415"
ACC1695,2871.0,Kenneth Ellis,001-351-718-7153x1401,"354 Mendoza Spurs, Jenkinschester, AS 58217"
ACC1696,8025.0,John Morales,001-419-524-0343,"789 Liu Station Suite 550, Tannerfort, OK 83219"
ACC1697,4369.0,Christine Cunningham,4176362763,"6762 Bell Gateway Suite 337, Lake Michael, NV 51812"
ACC1698,1635.0,Mrs. Cassandra Knight DVM,(557)561-2725,"38436 Rose Mission, Lake Daniel, AZ 80085"
ACC1699,6214.0,Alicia Love,(446)700-5847,"3065 Thomas Drive, North Alexander, DC 06391"
ACC1700,7026.0,Brandi May,(557)857-4225x347,"46368 Stein Green Apt. 007, Jenniferstad, CA 45778"
ACC1701,8229.0,Nathan Richardson,6919212071,"701 Rollins Common, Leemouth, UT 39468"
ACC1702,7656.0,Megan Salas,981.885.2596x33010,"9919 Newton Mountains Apt. 299, Amandatown, FM 25326"
ACC1703,3731.0,Nicholas Rose,+1-699-360-6539x385,"17919 Adrian Drive Apt. 124, Manuelmouth, WY 62037"
ACC1704,2239.0,Craig Duran,(583)579-3334,"98337 Allen Place, Vincentland, DE 46332"
ACC1705,8518.0,Jeffery Gonzalez,(995)730-1460,"997 Teresa Spurs Suite 925, Campbellburgh, MS 75594"
ACC1706,9345.0,Sarah Williams,(237)406-6295x6178,"10361 Janice Gardens, Alyssaland, GA 18800"
ACC1707,5069.0,Jonathan Hicks,801.856.3377x94458,"944 Maurice Isle, Lake Jacob, AZ 59734"
ACC1708,8273.0,Anna Hernandez,964.924.6492x83591,"45910 Robbins Trail, Lawsonstad, GU 54260"
ACC1709,4217.0,Billy Martinez,+1-468-644-0985x7310,"03242 Frederick Land Apt. 062, Petersshire, RI 69303"
ACC1710,5647.0,Richard Hammond,623-672-1361,"3400 Michael Drive, Port Michelle, ND 37625"
ACC1711,8591.0,Charles Williams,225-230-2704x2202,"375 Peterson Heights Apt. 582, East James, FM 83124"
ACC1712,1984.0,Joshua Curtis,6739776521,"6576 Hall Extensions, Robinside, WI 16314"
ACC1713,3831.0,Rachel Allen,231-640-5252x4434,"04328 Margaret Shore, Nicholasmouth, MI 99427"
ACC1714,2108.0,Tyler Mccall,6272842988,"Unit 0777 Box 6182, DPO AE 51283"
ACC1715,8413.0,Natasha Rodriguez,2062418409,"94629 Michael Tunnel Suite 320, West Brittanyhaven, FL 80916"
ACC1716,7908.0,Matthew Hensley,611-402-9638x7903,"25910 Mcconnell Flats, Nancyborough, KY 43366"
ACC1717,5381.0,Suzanne Castro,+1-879-470-9655x59690,"199 Chad Avenue, New Christopherport, DC 46841"
ACC1718,1375.0,Robert Thomas,001-243-567-4809x48485,"01183 Angel Flat, Hornmouth, MH 91775"
ACC1719,6490.0,Richard Krueger,398.232.6516x8143,"USCGC Black, FPO AA 30828"
ACC1720,5664.0,Abigail Griffin,+1-645-923-6881,"PSC 1389, Box 6745, APO AE 27712"
ACC1721,8682.0,Brooke Rosario,001-320-353-1709x77932,"58694 Salazar Plain Suite 493, East Hannah, ME 84945"
ACC1722,3116.0,Sharon Wells,3848743101,"USS Morgan, FPO AP 14667"
ACC1723,6078.0,Joel Luna,+1-936-695-5186x46744,"448 Amanda Port, Cynthiaton, VA 96020"
ACC1724,9529.0,Marvin Johnson,(502)638-3971,"0891 Baker Hill Suite 771, Lake Phylliston, IL 10790"
ACC1725,9436.0,Megan Navarro,+1-885-923-3728x181,"5992 Le Oval, South Heatherland, NV 74255"
ACC1726,1650.0,Jennifer Miles,879.520.5895x4823,"39597 Kimberly Crossing Apt. 174, Pattersonstad, MT 26481"
ACC1727,2837.0,Gabrielle Morgan,+1-452-530-9047x4752,"570 Graham Village Suite 303, Simpsonhaven, NJ 61655"
ACC1728,6269.0,Edward Ryan,(372)256-1511x4747,"398 Elizabeth Junctions, East Donna, TX 42810"
ACC1729,7255.0,Victoria Simpson,368-512-8224,"403 Andrea Shores, Raymouth, HI 48917"
ACC1730,5399.0,Michael Kirby,(649)201-8824x27954,"93131 Petty Lights, Vazquezmouth, DE 30599"
ACC1731,1135.0,William Lopez,893-875-3410x1936,"98654 Kathryn Loop, Crystalshire, GA 08316"
ACC1732,9769.0,Ryan Carter,(546)316-6468,"9363 Joseph Meadows, Guerrerotown, MI 19220"
ACC1733,7262.0,Courtney Cox,(292)577-0150x7559,"2659 Adams Center, West Seth, MT 12077"
ACC1734,3564.0,Blake Rose,(506)228-7999x78860,"099 Booker Fork, Kennethtown, IA 66744"
ACC1735,6157.0,Cheryl Garcia,001-548-927-4936x091,"69803 Simon Fork, East Robert, GA 20258"
ACC1736,9193.0,Heather Lopez,+1-904-528-3989,"8795 Justin Port Apt. 386, Nancyhaven, AL 41803"
ACC1737,1909.0,Diamond Burke,001-836-476-8745,"50219 Briana Spurs, Reevesmouth, KS 50342"
ACC1738,9848.0,Laura Bright,500-834-6112x4924,"195 Jeffrey Stream, New Richard, OR 46020"
ACC1739,6485.0,Brent Green,836.783.7569,"18984 Jasmine Ridges, Millerview, KY 17680"
ACC1740,4129.0,Sandra Bernard,240.294.2047x1782,"366 Richard Brooks, Port Gary, TX 98083"
ACC1741,8018.0,Erin Sheppard,+1-769-288-5592,"173 Natasha Trail, Port James, NV 01500"
ACC1742,3601.0,Reginald Wood,6199892753,"766 Cheryl Valley, Port Adambury, IN 57414"
ACC1743,2080.0,Trevor Hatfield,(211)986-7946x81808,"5096 Jeffrey Tunnel, Kevinview, MI 03533"
ACC1744,4262.0,Aaron Allison,001-624-752-8461x075,"62490 Jones Manor, Matthewmouth, AZ 57856"
ACC1745,6373.0,Paul Hanson,+1-221-378-2166x5685,"702 Leon Fall Suite 524, Port Joelside, AK 83493"
ACC1746,3513.0,Nicholas Giles,(977)731-8487x793,"4366 Rodriguez Course Apt. 314, Lake Alishaville, MD 36529"
ACC1747,8105.0,Allen Jensen,804-508-1671,"578 Richard Isle, Thompsonmouth, MP 35831"
ACC1748,2925.0,Gregory Guzman,6853388095,"USNS Baker, FPO AP 65923"
ACC1749,6087.0,Frank Richardson,240.985.7132x302,"947 Jeanette Port, Dorseyton, VT 14915"
ACC1750,1432.0,James Peterson,+1-964-379-7210x5902,"731 Samuel Square Suite 855, South Johnmouth, OK 59053"
ACC1751,6278.0,Fernando Salas,001-965-559-2836x4444,"64945 Dixon Isle Apt. 112, Andreaside, DE 13532"
ACC1752,6039.0,Shane Johnson,+1-911-866-9824x4338,"PSC 7978, Box 3169, APO AA 75655"
ACC1753,5967.0,Alicia Kennedy,404-533-5811,"7158 James Fall Apt. 255, West Lisabury, WV 28495"
ACC1754,3443.0,Kathleen Johnson,849-936-8634,"02656 Jonathan Greens Apt. 782, Diazchester, NY 09781"
ACC1755,6014.0,Paula Brooks,001-412-808-9803,"3440 Brandon Parkways Apt. 379, Brooksfort, PA 50224"
ACC1756,7511.0,Mindy Barnett,(477)833-2179x38240,"71714 Stephanie Station Apt. 182, New Shawn, DE 62890"
ACC1757,2462.0,Joshua Jennings,741.239.2753,"6383 Jeremy Center, Lucasview, NM 85632"
ACC1758,5753.0,Raymond Jackson,668.713.8953x037,"282 Sarah Camp Apt. 853, Port Nicole, MA 70525"
ACC1759,8451.0,Jeremy Cole,(230)981-0679x0886,"186 Morgan Cove, Davidmouth, MS 52459"
ACC1760,1660.0,Michael Griffin,615-907-2530,"PSC 7362, Box 8475, APO AP 60430"
ACC1761,3412.0,Jennifer Mclean,+1-771-462-2167x00608,"4984 Leah Trail, Port Colin, TN 98350"
ACC1762,4939.0,Olivia Goodman,+1-317-747-8298x52754,"27446 Avila Stravenue, Jerryberg, IL 05713"
ACC1763,7944.0,Christine Williams,(939)901-7094,"57166 David Bridge, North Donna, NY 84818"
ACC1764,6582.0,Nicholas Hartman,877-634-5163x8689,"Unit 2648 Box 2147, DPO AA 20866"
ACC1765,4020.0,Lisa Sweeney,238-215-1807x29540,"760 Rachel Crest, Port Lisaton, AS 28915"
ACC1766,3141.0,Kathleen Cook,001-847-677-5413x19447,"806 Gutierrez Common Apt. 460, South Stephaniefurt, UT 43462"
ACC1767,4701.0,Amy Swanson,9763428366,"PSC 0412, Box 6139, APO AA 68066"
ACC1768,3661.0,Virginia Haley,547.369.3931x6540,"1054 Guzman Knolls Suite 737, Lake Michael, WA 85571"
ACC1769,1581.0,Stephanie Singleton,804-615-3879x2179,"6149 Martinez Street Suite 135, Christopherborough, NH 97109"
ACC1770,8674.0,Gene Evans,001-745-709-4227,"357 Barnes Villages, North Jonathanberg, MI 91513"
ACC1771,1412.0,David Hernandez,001-661-576-7604x44087,"51380 Eric Forge Apt. 965, Jessicaport, PA 57392"
ACC1772,2925.0,Dennis Wells,001-787-860-2232x496,"6684 Hernandez Plaza, North Autumn, CA 10316"
ACC1773,6629.0,Sean Lopez,(341)385-8212x3391,"20655 Matthew Mill Suite 049, New Josephhaven, MS 44931"
ACC1774,5571.0,Charles Herring,590.216.5108x545,"186 Mark Mountains Suite 942, West Briannaview, AS 90126"
ACC1775,9715.0,Pamela Nelson,401.266.7896x893,"Unit 2781 Box 2664, DPO AE 73126"
ACC1776,2259.0,Rachel Cobb,7568643745,"458 Raymond Loaf Apt. 862, West James, NY 16820"
ACC1777,3827.0,David Summers,744.914.2240x36126,"USNV Smith, FPO AP 45034"
ACC1778,2854.0,Stephanie Sims,001-514-498-5752x551,"9134 Weber Knoll, Grahamton, MP 19456"
ACC1779,4957.0,Mrs. Alyssa Daniels,+1-521-244-2595x1955,"328 Price Pike Apt. 405, North Scott, HI 90028"
ACC1780,9231.0,Sarah Thomas,001-522-549-0494,"PSC 2415, Box 4837, APO AA 09945"
ACC1781,7636.0,Robert Wyatt,4284707438,"5713 Roberts Junction, West Erin, PR 74952"
ACC1782,8812.0,Bob Reyes,222-847-8565x906,"137 Daniel Inlet, Samanthafort, WY 00868"
ACC1783,6954.0,Kevin King,001-477-550-3002,"190 Michael Roads Suite 887, North Cynthia, SD 76094"
ACC1784,2964.0,Anna Richardson,3204661358,"5604 Tina Pike, Mariabury, KS 64921"
ACC1785,5685.0,Michael Downs,837-896-6148x2548,"PSC 4893, Box 7765, APO AE 77632"
ACC1786,6481.0,Ashley Shelton,(981)951-8253x486,"696 Stephen Extensions, Garzaburgh, PA 79936"
ACC1787,8865.0,Rhonda Nelson,+1-695-497-5607x345,"33934 Edwards Streets Suite 229, Michaelstad, NJ 81344"
ACC1788,3647.0,Anthony Jordan Jr.,001-799-298-7817x5734,"2296 Mary Valleys, Belindamouth, IN 00852"
ACC1789,1529.0,Doris Krueger,+1-287-917-6951x9095,"913 Joseph Summit, Andersonshire, MD 77868"
ACC1790,5201.0,Abigail King,001-564-582-1863x56994,"74018 Larry Throughway Apt. 188, South Barbaraville, RI 28388"
ACC1791,3634.0,Thomas Perkins,9808334241,"35155 Holly Hills, East Sean, MN 57188"
ACC1792,2656.0,Nathan Simmons,7994882569,"Unit 8504 Box 7050, DPO AP 33649"
ACC1793,5579.0,Jason Lowery,788-850-7809,"583 Melissa Lake Suite 934, New Tom, LA 53282"
ACC1794,7543.0,Lauren Stanley,589.735.4898x375,"939 Nicole Shoal, North Tara, RI 26329"
ACC1795,8268.0,Oscar Sanchez,(881)322-2854x332,"396 James Haven Apt. 403, Tammyborough, WY 20337"
ACC1796,5342.0,Susan Blankenship,+1-613-818-3700x142,"536 Brendan Branch, Gregorymouth, NC 75511"
ACC1797,4464.0,Brittany Knight,277-950-2517,"6430 Anthony Isle Apt. 763, Annside, HI 89497"
ACC1798,9410.0,Ronald Wade,5266424997,"8957 Evans Garden, Lake Jessica, SC 17118"
ACC1799,9558.0,Angela Patterson,992.903.3908x87858,"757 Alexander Track Apt. 771, Port Julia, NV 24429"
ACC1800,5626.0,Dr. John Holder,817.412.9059x147,"67446 Nicholas Common Apt. 347, East Sherryville, MA 04574"
ACC1801,5369.0,Lucas Schwartz MD,924-265-8526x8211,"918 Stewart Streets, Bentonville, CO 87632"
ACC1802,6616.0,Jennifer Ellis,+1-484-959-0629x6265,"452 Zachary Spring, Rhondachester, ID 03480"
ACC1803,9137.0,Ralph Cook,677-578-8322x6585,"711 John Walk, Jamesfurt, AR 80078"
ACC1804,7822.0,Jennifer Mason,857.933.9363x2260,"860 Jasmine Well, North Wayneville, DE 41679"
ACC1805,8017.0,Adam Martinez,287-496-6037x010,"3646 Shields Way, Bensonmouth, MS 98896"
ACC1806,4690.0,Leah Johnson,(685)610-0196x112,"0768 Miller Road Apt. 975, East Elizabeth, MN 07430"
ACC1807,6999.0,David Brown,+1-399-254-2638x193,"24473 Smith Heights Apt. 941, Bennettville, GA 89911"
ACC1808,1323.0,Susan Hardin,+1-315-635-6114x4309,"PSC 5896, Box 4663, APO AA 38570"
ACC1809,6257.0,Michelle Smith,+1-227-630-2430,"7457 Brittany Parkway, Lake Lauramouth, CA 78393"
ACC1810,6494.0,Jill Miller,001-263-476-2666x566,"PSC 1724, Box 0766, APO AE 97304"
ACC1811,9568.0,Maria Lewis,253.302.7727x61265,"USNS George, FPO AP 19795"
ACC1812,6285.0,Kristina Mayo MD,001-529-905-1923x1373,"Unit 5375 Box 2203, DPO AE 67342"
ACC1813,8643.0,Dustin White,001-466-443-1505,"983 Amanda Wall, Lake Emily, AK 37999"
ACC1814,9106.0,Richard Stevens,610-968-6612x5763,"USNS Williamson, FPO AA 44076"
ACC1815,8043.0,Jane Garcia,+1-239-833-6255x3809,"067 Renee Burg, Jaredberg, NE 87107"
ACC1816,1168.0,David Jimenez,+1-831-272-0913x0395,"872 Villanueva Parkway, Lake Richard, KS 33997"
ACC1817,6807.0,Nicholas Mcdonald,887.479.1322x953,"22088 Tasha Vista, Lake Loriside, IA 04450"
ACC1818,5679.0,Adam Evans,(805)246-3649x9498,"321 Sarah Trace, New Jesse, OK 21682"
ACC1819,1714.0,Jacob Vincent II,+1-527-625-1586x0251,"PSC 4011, Box 1246, APO AP 43505"
ACC1820,9750.0,Jenna Howard,490-980-5615x063,"64524 House Squares, Port Allenmouth, KS 06009"
ACC1821,1431.0,Robert Cooper,653-640-4160x21957,"9871 Richard Ridge Suite 539, North Oliviachester, VA 59896"
ACC1822,1132.0,Kirk Strickland,329.993.0040x80441,"22696 Ashley Radial Suite 620, Andrewfurt, SD 81820"
ACC1823,9167.0,Frances Morgan,(229)415-8263x985,"2210 Alexis Road, East Trevor, CA 12566"
ACC1824,9486.0,April Lawson,+1-695-994-1776x35063,"Unit 0823 Box 4502, DPO AA 37621"
ACC1825,1244.0,Meredith Mcpherson,+1-642-783-4403x70075,"26492 Misty Run Suite 453, North Jay, VI 20553"
ACC1826,9157.0,Mark Kline,556.366.0925,"976 Michele Ranch Apt. 933, Marquezside, ID 57684"
ACC1827,9435.0,Sydney Mendez,(863)608-3911,"61666 Hamilton Valley, Seanshire, ND 18614"
ACC1828,6917.0,Matthew Elliott,506.780.5627,"78001 Holly Bridge, North Jimmyton, WI 90573"
ACC1829,1970.0,Cheryl Reyes,+1-249-343-0013x12497,"52511 Jenkins Trail Apt. 850, Cooperview, OH 29297"
ACC1830,5254.0,David Mitchell,569.393.9978,"0521 Nathan Spurs, Erikside, OK 90274"
ACC1831,9560.0,Maria Patel,208-842-5233,"35257 John Road Suite 617, Craigfort, FL 60321"
ACC1832,1510.0,Lisa Patel,001-424-584-9210x303,"1139 Lewis Route Suite 382, South Aaron, KS 75383"
ACC1833,3741.0,Mr. Michael Wheeler,8625692088,"359 Crystal Cove, Emmaside, NE 91840"
ACC1834,4053.0,Mary Potts,+1-240-208-4436,"PSC 0580, Box 7768, APO AA 67869"
ACC1835,1749.0,Cody Moreno,9237608649,"6722 King Gardens Suite 647, New Heidi, MH 67301"
ACC1836,9005.0,Doris Strickland,572-897-5911x760,"05735 Larry Field Suite 156, Bradleyshire, ND 72400"
ACC1837,3784.0,James Thomas,(542)264-5914,"320 Blake Parkway, Ryanmouth, FL 72030"
ACC1838,9960.0,Mark Evans,001-391-386-3170x70113,"390 Porter Road, Scottburgh, OK 65372"
ACC1839,4823.0,Jo Robertson,+1-269-648-2825x7292,"37657 Jordan Light Apt. 750, Shanetown, TX 84352"
ACC1840,4729.0,Scott Collier,2703385676,"359 Payne Stravenue Suite 301, Elizabethmouth, CA 87375"
ACC1841,9420.0,Gary Johnson,(257)835-8244x9852,"032 Angela Parkway Apt. 783, Laurenport, IN 94416"
ACC1842,2837.0,Aaron Rodriguez,3318604548,"00428 Lee Estate, East Jason, FL 00644"
ACC1843,8256.0,Daniel Briggs,(988)879-5853,"935 Maria Meadows, Christineport, NH 54707"
ACC1844,1381.0,Haley Nelson,001-298-808-1623x69470,"178 Audrey Rapid Suite 474, North Amyberg, LA 25343"
ACC1845,5852.0,Victoria Davis,2457702688,"67067 Brandon Grove Suite 935, Oscarberg, IN 20502"
ACC1846,2877.0,Alicia Lambert,001-733-961-3249x17912,"79918 Smith Street, East Lisafurt, NY 22155"
ACC1847,8206.0,William Monroe,679-275-2617x720,"777 Travis Park Suite 832, East Dylan, KY 86400"
ACC1848,5497.0,Jason Kline,2446469582,"4060 Hubbard Ville Apt. 231, East Stephanie, WV 96503"
ACC1849,6372.0,Tammy Gallagher,+1-761-382-5726,"7100 Anthony Summit, East Brandonstad, GU 51886"
ACC1850,9049.0,Elizabeth Wright,001-658-977-7131x29589,"1513 Kimberly Rapids, Anntown, KS 86979"
ACC1851,9038.0,Emily Thomas,666-277-9948x56853,"PSC 8230, Box 4939, APO AA 82485"
ACC1852,4853.0,Emily Webb,+1-751-724-1970x73961,"3403 Flores Fort Apt. 853, West Davidborough, PW 79693"
ACC1853,9851.0,Victoria Bowman,001-251-534-4903x9593,"2670 Berg Rapid Apt. 157, Lake Johnbury, ME 17816"
ACC1854,6856.0,Jennifer Gomez,591-883-9930,"367 Briggs Shoal, East Sonya, IL 93313"
ACC1855,5801.0,Tracy Moore,001-743-348-6160x10295,"57275 James Ways Apt. 106, South Daniel, MO 01430"
ACC1856,6305.0,Pamela Raymond,815-724-3355,"4031 Lang Green Apt. 208, Rosarioland, CT 70062"
ACC1857,1660.0,Gerald Turner,(235)375-2967x598,"716 Tracy View, Ericbury, NV 97264"
ACC1858,1506.0,Michael Johnston,(562)480-9715,"Unit 0832 Box 4801, DPO AA 67416"
ACC1859,9334.0,Dillon Cooper,(232)950-4862x21058,"695 David Fields, Richardhaven, NY 11684"
ACC1860,7391.0,Adam Cantu,846.209.6664,"PSC 9716, Box 0385, APO AE 19539"
ACC1861,6387.0,Samantha Miller,(904)492-7254,"6276 Amy Isle Apt. 066, Meganside, MO 29025"
ACC1862,9517.0,Mr. Raymond Terry,(554)551-8040x04195,"163 John Shores, Robertsbury, DE 24101"
ACC1863,2114.0,Christopher Lane,+1-228-207-1497,"135 Anderson Expressway Suite 374, Wellsmouth, NY 51557"
ACC1864,8945.0,Ronald Robertson,(552)618-7725,"Unit 5652 Box 2216, DPO AE 02478"
ACC1865,4585.0,Peter Howell,439-962-6565x03029,"011 John Trail Apt. 000, West James, MD 17409"
ACC1866,6821.0,Chase Peters,(794)460-0053x600,"255 Ariana Drive Suite 529, Jonathanshire, IN 03727"
ACC1867,7084.0,Erik Thomas,(604)229-4016x518,"21696 John Loop, East Sarahshire, AK 89458"
ACC1868,1972.0,Alyssa Fields,(712)490-1080x87993,"72472 Wendy Mount, Lake Cassandra, MO 24828"
ACC1869,6481.0,Gina Nichols,+1-819-502-8805x3492,"69812 Contreras Pike, South Timothyburgh, FL 97516"
ACC1870,2126.0,Vincent Hill,(786)334-3818x44433,"8145 Pierce Ville Apt. 738, Pearsonland, TN 29625"
ACC1871,1640.0,Gabriella Brooks,4363128594,"800 Bennett Mission Apt. 126, West Reginaport, TX 22349"
ACC1872,7481.0,Amy Hines,001-968-701-0107x122,"2728 Jessica Lane Suite 438, Garciaport, WA 58054"
ACC1873,2705.0,Alexa Adams,3467692998,"1110 Aguirre Vista, Staceymouth, KY 58917"
ACC1874,5952.0,Antonio Walton,(882)249-9693x396,"39818 Perry Turnpike Apt. 246, Johnland, WI 24640"
ACC1875,4407.0,Antonio Alexander,4302142406,"4856 Hawkins Cliff Suite 533, Rachelview, OR 92795"
ACC1876,4258.0,Scott Garcia,+1-286-377-9833x42981,"658 Davis Street Suite 265, West Misty, NY 29158"
ACC1877,8277.0,Shannon Brown,383.216.6951,"969 Kelly Knoll Suite 097, Lake Christopher, DC 37860"
ACC1878,8085.0,Ryan Hawkins,521-374-0928,"PSC 8733, Box 0739, APO AA 98301"
ACC1879,5591.0,Brittany Fuentes,(830)713-6131,"9652 Walters Bypass Apt. 150, East Tonya, HI 09505"
ACC1880,1136.0,William Schultz,865.808.2725,"6591 Maria Ridge, Amandabury, NM 98357"
ACC1881,8389.0,Jamie Lutz,+1-573-657-7527,"4830 Gary Valleys, Markland, NM 85191"
ACC1882,5890.0,Michael Vance Jr.,769.700.5390x2336,"6483 Rodriguez Crescent, Leechester, NH 46305"
ACC1883,3108.0,Kaitlin Lewis,563.384.8155x78686,"60600 Nicole Circles Suite 894, East Darrellfort, OK 14612"
ACC1884,5636.0,Erin Wilson,2095949351,"97472 Christopher Lake, Lake Jenniferport, KS 98192"
ACC1885,2592.0,Daniel Mclaughlin,588-866-6791,"6730 Audrey Inlet, Lake Tanner, HI 72997"
ACC1886,2272.0,Brian Wilson,+1-896-454-2069,"168 Amanda Ways, Joshuaberg, MI 67827"
ACC1887,1772.0,Maria Smith,453-295-6844,"1748 Warren Extension, Kimberlyhaven, ID 25504"
ACC1888,5747.0,Sheila Lin,+1-378-676-5572x636,"8132 Danny Route Apt. 559, Ryantown, TN 16306"
ACC1889,3015.0,Heidi Mason,001-322-503-8670x56416,"Unit 2981 Box 2465, DPO AE 34052"
ACC1890,3876.0,Jeremy Munoz,001-646-796-4217x467,"1939 Abbott Overpass, Harrisshire, NV 34526"
ACC1891,2576.0,Joshua Hudson,(826)412-4697,"60475 Garcia Roads Apt. 888, North Erika, PA 95868"
ACC1892,1936.0,Richard Graham,+1-409-443-9661x446,"825 Dennis Rapids Suite 164, West Troy, MD 22499"
ACC1893,4177.0,Sherry Finley,+1-232-653-9467x27808,"214 Margaret Estates, Ashleyport, RI 66783"
ACC1894,9595.0,Shannon Martinez,+1-760-934-9494x538,"87185 Michael Causeway Apt. 340, Danielmouth, NJ 14557"
ACC1895,7452.0,Barry Atkins,403-448-9177,"6672 Nathan Mews, North Vincenttown, MS 55143"
ACC1896,6358.0,Samantha Davis,288.516.2104,"2471 Matthew Crossroad Apt. 904, Stephanieburgh, MH 44163"
ACC1897,4885.0,Sean Richards,406-347-7430x1996,"63804 Andrea Rapids, New Mark, WI 68487"
ACC1898,9264.0,Keith Lee,(886)597-2600,"PSC 2931, Box 1999, APO AA 96273"
ACC1899,7197.0,John Dominguez,(382)200-8894x86406,"97507 Wendy Fall, Lauriefurt, VT 22028"
ACC1900,2345.0,Theresa Hood,001-429-349-0336x5611,"7633 Montgomery Estates Suite 084, Kathleenview, MT 14295"
ACC1901,7267.0,Jennifer Lewis,(590)556-2629x218,"294 Torres Curve, Landrymouth, CT 22058"
ACC1902,7691.0,Michael Mitchell,572.530.2071,"422 Conrad Ford, New Lisa, ND 76037"
ACC1903,3861.0,Jesus Jones,9008369613,"8802 Jackson Dale Suite 807, Ericmouth, NJ 36442"
ACC1904,1163.0,Stephanie Campbell,+1-606-498-4479x86444,"812 Brandon Estate Apt. 920, Port Tina, MT 82197"
ACC1905,4765.0,Russell Parker,001-866-370-5137x85511,"2176 James Mountain Suite 890, West Michael, AL 16170"
ACC1906,8302.0,Paul Schmitt,(983)782-3280x0679,"7802 Hodge Burgs Suite 377, North Mark, HI 07155"
ACC1907,2652.0,Richard Stewart,+1-768-701-4882,"850 Reese Fields Suite 532, Port Deborahberg, IA 73616"
ACC1908,4939.0,Lawrence Wilson,+1-221-723-3074x8321,"166 Kathleen Way, South Autumnberg, OK 29055"
ACC1909,8735.0,Jason Lindsey,001-798-697-7129x06463,"80330 Craig Tunnel Apt. 407, Corytown, MA 78626"
ACC1910,3150.0,Amy George,8629762512,"28905 Guerrero Flats Suite 903, North Bradley, PR 12408"
ACC1911,6519.0,Michelle Carter,(690)483-4570x87346,"17596 Barbara Flat Suite 699, South Chelseybury, DE 82019"
ACC1912,6010.0,Thomas Moore,2948407821,"8181 Hailey Pike, East Rachel, DC 73641"
ACC1913,4512.0,James Johnson,+1-463-296-5700x4612,"398 Wallace Gardens, East Diane, VT 81742"
ACC1914,4357.0,Christopher Hall,+1-641-745-4520,"41223 Harvey Falls Suite 533, Michaelstad, MI 08765"
ACC1915,8307.0,Chelsea Bell,4835191600,"USNV Carr, FPO AA 15528"
ACC1916,6652.0,Erik Levy,5206684615,"9715 Whitney Keys, Nicoleside, NV 04138"
ACC1917,9624.0,Brian Olson,494.260.8477x6862,"59802 Brady Island Suite 123, East Christinashire, AK 33548"
ACC1918,4742.0,Pamela Rollins,881-292-7625x8361,"Unit 8949 Box 4742, DPO AP 21221"
ACC1919,8113.0,Renee Richards,(858)257-8273,"06610 Daniel Village, Melvinfurt, MT 82609"
ACC1920,4145.0,Eileen Wood,644-930-4886,"69375 Megan Square Apt. 973, Delgadochester, ND 92455"
ACC1921,1534.0,Jeffrey Webb,+1-328-715-1148x99964,"85162 Samuel Inlet, Bethanyland, SC 31512"
ACC1922,3886.0,Anthony Leblanc,001-362-273-5093x023,"6515 Megan Valleys Apt. 874, Waynemouth, AR 43314"
ACC1923,7483.0,Michael Harris,9865711520,"213 Sandoval Freeway, North Ashleyton, MH 32047"
ACC1924,6997.0,Laura Hood,(306)851-6465x36316,"5960 Sharon Mission, Youngton, ND 36438"
ACC1925,6715.0,Michael Gutierrez,7775458223,"54443 David Mission, Lake Joshuastad, UT 56905"
ACC1926,1465.0,Tina Strickland,4713042337,"47958 Campos Glen, East Kelseyborough, AZ 40670"
ACC1927,4737.0,David Riley,+1-634-837-4940x66403,"2875 Murray Plains, New Karla, WA 82630"
ACC1928,1700.0,Marvin Morris,(594)674-5810x833,"48386 Carpenter Station, North Daniel, KS 88126"
ACC1929,3433.0,Howard Decker,711.694.4954,"83987 Maureen Groves, North Valerie, FL 36188"
ACC1930,5415.0,Nicole Baxter,400-632-3795x098,"4589 Thomas Fort, Port Frankside, NJ 35262"
ACC1931,5291.0,Belinda Coleman,687-927-3033,"1220 Simmons Island Apt. 293, South Christopherton, MN 69677"
ACC1932,3521.0,Michael Smith,+1-715-397-1167x204,"4393 James Forest, Adamfurt, VI 35327"
ACC1933,4159.0,Jillian Gaines,+1-230-334-6868x46070,"469 Paul Locks Apt. 530, Lake Larry, DC 71306"
ACC1934,6431.0,Elizabeth Mcbride,(286)818-0804,"8908 Julie Views Suite 447, Bensonchester, IN 16209"
ACC1935,7342.0,John Romero,001-737-648-6921,"1755 Peter Keys Apt. 067, Lake Johnfort, WV 28828"
ACC1936,1116.0,Crystal Benjamin,4518128578,"331 Scott Divide Apt. 265, South Stephanie, VI 96316"
ACC1937,7745.0,Paul Rubio,648-225-9385x897,"USS Walker, FPO AE 91173"
ACC1938,9913.0,Joshua Mcguire,2429585990,"2538 George Square Suite 808, Tiffanybury, MP 64065"
ACC1939,3046.0,Aaron Lopez,616-407-0218x043,"3085 Alexis Stream, Lake Christopher, MN 88973"
ACC1940,2508.0,Jeffery Richardson,759-259-6863,"538 Katie Street Apt. 932, New Briannaview, WI 66155"
ACC1941,2763.0,Justin Wood,7998007270,"1266 Holland Harbors Suite 907, South Andrewton, NE 56919"
ACC1942,4781.0,Jeffrey Garcia,834.812.5231,"77521 Robinson Wall, Loganland, KY 65156"
ACC1943,8920.0,Kathryn Vargas,+1-386-343-2882x08876,"25853 Elizabeth Fork, Sullivanland, TX 59171"
ACC1944,8968.0,Jorge Wong,365.590.2296x42848,"543 Christopher Summit, Lake Kimberlyview, CO 54465"
ACC1945,1480.0,Tracey Carter,(640)489-8594x1653,"PSC 4184, Box 9305, APO AE 04220"
ACC1946,2030.0,Andrew Torres,352.573.2714x82097,"16720 Kenneth Highway Apt. 989, Cynthiamouth, GU 90309"
ACC1947,7656.0,Yvonne Johnson,(572)733-9805x7428,"18274 Kevin Crest Apt. 173, North Ryan, SC 99043"
ACC1948,1083.0,Theresa Greer,640-321-9098x168,"8435 Kelley Turnpike Apt. 175, Harrisside, VT 84873"
ACC1949,3818.0,Margaret Scott,470.992.2517x498,"201 Olson Overpass Apt. 175, Lake Katherineview, SC 57212"
ACC1950,3522.0,Angela Powers,922-616-7909,"90912 Autumn Lodge Apt. 784, West Isabella, VA 47632"
ACC1951,6554.0,Glenn Reese,825-976-7534,"926 Jessica Isle, Jamesmouth, VI 04564"
ACC1952,1047.0,Jeff Shaw,216.337.6695,"17933 Moore Trail Apt. 090, Cervanteston, OR 80506"
ACC1953,8294.0,Joshua Cole,+1-465-535-0846x472,"4916 Monica Alley, Bradleyland, MD 12851"
ACC1954,9226.0,Michelle Mccarthy,456-598-6551x36847,"0410 Kennedy Radial Apt. 242, East Felicia, OK 63465"
ACC1955,6003.0,Aaron Gregory,001-527-540-4318x28987,"8271 Adkins Glens Suite 760, West Patricia, MI 91760"
ACC1956,8934.0,Christopher Anthony,618-340-8777x1148,"85993 Russell Views Apt. 419, Stanleyburgh, PA 85760"
ACC1957,8326.0,Bianca Novak,2845713322,"52310 Robinson Vista, Lewiston, LA 70829"
ACC1958,8081.0,Jennifer Roman,4617465490,"USNS Tran, FPO AP 83385"
ACC1959,4783.0,James Diaz,957.398.7116x22998,"12137 James Ramp, East Julie, AL 21287"
ACC1960,8661.0,Steve Cruz,937.858.3486,"4726 Hayes Brook, New Robintown, FM 90173"
ACC1961,5654.0,Robert Villanueva,9349298353,"PSC 3390, Box 8279, APO AP 52447"
ACC1962,5602.0,Michael Larson,286-974-0471x03163,"8828 Griffith Orchard, Brandonborough, GU 18182"
ACC1963,3372.0,Cassandra Jacobson,001-745-277-0299x140,"PSC 3217, Box 7851, APO AP 82525"
ACC1964,7645.0,Theodore Randolph,757.680.4990x98753,"77751 Williams Garden Apt. 013, East Emilyville, IA 39173"
ACC1965,1653.0,Robert Miller,217.386.7629,"527 Hannah Corners, South Randyberg, FM 32670"
ACC1966,8499.0,Jeremy Oliver,432-483-1175,"562 Brenda Skyway Suite 300, Ianchester, NC 35335"
ACC1967,3817.0,James Hughes,877-479-2314,"6911 Sherman Streets Suite 702, Harrymouth, MA 48568"
ACC1968,9835.0,Gregg Padilla,001-863-951-9159x103,"58790 Jones Prairie, East Angela, TX 79636"
ACC1969,1603.0,David Turner,+1-799-366-7017,"611 Sandra Fields Apt. 966, Colestad, MT 97426"
ACC1970,6334.0,Regina Lane,758.222.5363x52718,"83742 Warner Road Apt. 025, Taylorview, VT 57446"
ACC1971,5090.0,Maria Wilson,(788)280-0847,"2039 Jones Summit Apt. 566, North Margaret, MS 02071"
ACC1972,9951.0,Melanie Maynard,402-556-6034,"8675 Micheal Club, North Justinland, MN 90315"
ACC1973,8664.0,Jeffrey Solis,(937)464-4379x7046,"830 Lee Islands Suite 449, West Robertborough, TN 16414"
ACC1974,3362.0,Bethany Lowe,+1-550-520-8402,"39551 Gillespie Turnpike Suite 498, Brownshire, MO 95986"
ACC1975,6587.0,Maureen Simmons,+1-964-910-3484x42582,"PSC 4729, Box 6986, APO AA 21748"
ACC1976,7335.0,Kristen Mcfarland,001-893-408-7313,"480 Rivers Mall, West Dwayneton, OK 62005"
ACC1977,4786.0,Angela Ramirez,001-410-384-7244x3041,"3603 Barnes Via, Bellmouth, MN 13799"
ACC1978,4135.0,Aimee Hunt,(905)956-4709x3998,"780 Mccormick Mission, Zimmermanfort, IL 54938"
ACC1979,3147.0,Megan Yu,001-345-995-6903x0144,"0329 Johnston Views Apt. 990, East Kimberlyland, TN 98474"
ACC1980,4660.0,Jennifer Graham,001-750-853-8101x65209,"676 Garcia Park Suite 956, Port Davidhaven, ME 54302"
ACC1981,4889.0,Chris Tate,629-956-8053x37525,"21722 Smith Path, Saraland, CA 22677"
ACC1982,6489.0,Carolyn Barber,931-202-4101x492,"USCGC Nguyen, FPO AA 75876"
ACC1983,1316.0,Laura Hartman DVM,001-828-811-5658,"3042 Tammy Streets, East Rachelton, LA 14423"
ACC1984,7026.0,Virginia Parker,+1-842-590-7489,"81730 Coffey Green Apt. 621, Bookermouth, MT 48019"
ACC1985,7032.0,Dalton Johnson,+1-935-969-5133x3434,"1090 Nicole Stream, New Linda, DE 19596"
ACC1986,8089.0,Laurie Harris,256-297-1038x5649,"1876 Martin Walks Apt. 517, Port Crystalshire, ND 03940"
ACC1987,3054.0,Jeremy Gonzalez,381.240.7033x95679,"4423 James Loaf, Gregorymouth, MT 42367"
ACC1988,4707.0,Jason Rodriguez,001-419-849-7697,"466 Adams Valley Suite 305, West Alexander, DC 23120"
ACC1989,4177.0,Michael Russell,001-900-690-9634,"362 Patricia Gateway Suite 077, East Spencerfurt, OK 89204"
ACC1990,5546.0,Stacy Stafford,+1-526-511-4104x729,"08382 Brooks Loaf Suite 216, Aliciaside, MP 92840"
ACC1991,7816.0,James Bryant,824-771-9063x2756,"3875 Perry Creek, Stevenport, FM 24503"
ACC1992,1257.0,Charles Sanchez,+1-992-775-3530,"79137 Timothy Summit Apt. 401, Susanshire, ME 03950"
ACC1993,2228.0,Lisa Walker,4607426053,"230 Williams Dam, Nancyville, NH 25537"
ACC1994,2422.0,Teresa Warren,431.574.7361x212,"948 Kennedy Grove Apt. 919, North Joseph, LA 56159"
ACC1995,8706.0,Nathaniel Thompson,470-490-5119x647,"2979 Michael Pines, Trevinoside, FL 13574"
ACC1996,7505.0,Natalie Frederick,690-854-6789,"31981 Sherri Summit Suite 704, Cindyview, PW 47387"
ACC1997,2858.0,Jennifer Rodriguez,(262)918-2339x016,"2495 Diane Highway Suite 495, Ryanshire, AZ 32945"
ACC1998,7925.0,Jorge Morrison,+1-979-406-4574x12283,"26217 Solomon Oval, Hernandezland, NY 58801"
ACC1999,7234.0,Matthew Sanchez,001-531-958-5600x7137,"032 White Squares Suite 580, Lake Frankland, DE 38925"
